reject_date,symbol,sector,close_at_reject,market_cap_cr,trade_quality,confidence,top_reasons,close_5d,return_5d_pct,close_10d,return_10d_pct,close_20d,return_20d_pct,measured_at,notes
2026-07-22,WSTCSTPAPR.NS,DIVERSIFIED,549.0,3625.0,72.3,28.979999999999997,ROE_TOO_LOW(4.2%<10%),581.7,5.96,,,,,2026-07-27T19:23:36,
2026-07-22,WESTLIFE.NS,CONSUMER,500.7,7753.0,62.9,56.425,ROE_TOO_LOW(0.8%<10%),464.5,-7.23,,,,,2026-07-27T19:23:20,
2026-07-22,VSSL.NS,DIVERSIFIED,303.3,2932.0,64.9,65.17,"CONF_FAIL(got 65.2, need 83) | TQ_FAIL(got 64.9, need 73) | RR_FAIL(got 1.44, need 2.0)",297.3,-1.98,,,,,2026-07-27T19:23:08,
2026-07-22,VAIBHAVGBL.NS,DIVERSIFIED,258.14,4333.0,79.9,70.3,SETUP_EDGE_SKIP(REGIME_CHOP_NO_BREAKOUT(TRANSITION/OTHER)),264.99,2.65,,,,,2026-07-27T19:22:58,
2026-07-22,UTLSOLAR.NS,POWER_EQ,378.35,11592.0,63.6,35.13,"CONF_FAIL(got 35.1, need 83) | TQ_FAIL(got 63.6, need 73) | SECTOR_LAGGING",384.4,1.6,,,,,2026-07-27T19:23:30,
2026-07-22,UFLEX.NS,DIVERSIFIED,490.7,3555.0,71.9,54.8,ROE_TOO_LOW(4.3%<10%),476.45,-2.9,,,,,2026-07-27T19:23:21,
2026-07-22,UDS.NS,DIVERSIFIED,196.15,1314.0,71.0,64.775,ROE_TOO_LOW(8.9%<10%),206.6,5.33,,,,,2026-07-27T19:23:09,
2026-07-22,TITAN.NS,CONSUMER,4711.6,418347.0,74.3,69.03,DE_TOO_HIGH(1.95>1.50),4740.1,0.6,,,,,2026-07-27T19:23:00,
2026-07-22,TIRUPATIFL.NS,DIVERSIFIED,81.55,0.0,58.2,44.13,ROE_TOO_LOW(5.2%<10%),75.31,-7.65,,,,,2026-07-27T19:23:26,
2026-07-22,TINNARUBR.NS,DIVERSIFIED,1090.35,1971.0,56.9,25.98,"CONF_FAIL(got 26.0, need 83) | TQ_FAIL(got 56.9, need 73) | RR_FAIL(got 1.96, need 2.0)",1139.3,4.49,,,,,2026-07-27T19:23:37,
2026-07-22,TIMETECHNO.NS,IT,203.1,10048.0,61.8,66.56,"CONF_FAIL(got 66.6, need 83) | TQ_FAIL(got 61.8, need 73) | RR_FAIL(got 1.45, need 2.0)",206.75,1.8,,,,,2026-07-27T19:23:05,
2026-07-22,TECHM.NS,IT,1560.6,152977.0,58.2,56.59,"CONF_FAIL(got 56.6, need 83) | TQ_FAIL(got 58.2, need 73) | RR_FAIL(got 1.43, need 2.0)",1575.0,0.92,,,,,2026-07-27T19:23:19,
2026-07-22,TCIEXP.NS,DIVERSIFIED,580.7,2227.0,57.9,64.82000000000001,"CONF_FAIL(got 64.8, need 83) | TQ_FAIL(got 57.9, need 73) | RR_FAIL(got 1.43, need 2.0)",561.35,-3.33,,,,,2026-07-27T19:23:08,
2026-07-22,TBZ.NS,DIVERSIFIED,264.37,1764.0,48.8,61.730000000000004,SETUP_EDGE_SKIP(REGIME_CHOP_NO_BREAKOUT(TRANSITION/OTHER)),280.22,6.0,,,,,2026-07-27T19:23:15,
2026-07-22,TATVA.NS,DIVERSIFIED,1664.9,3905.0,46.7,29.4,ROE_TOO_LOW(5.5%<10%),1800.1,8.12,,,,,2026-07-27T19:23:34,
2026-07-22,TARSONS.NS,DIVERSIFIED,306.25,1629.0,59.2,64.2,ROE_TOO_LOW(2.4%<10%),320.9,4.78,,,,,2026-07-27T19:23:11,
2026-07-22,TALBROAUTO.NS,AUTO_ANCILLARY,407.6,2520.0,69.7,71.9,"CONF_FAIL(got 71.9, need 83) | TQ_FAIL(got 69.7, need 73) | SECTOR_RANK_TOO_LOW(rank=10>top6)",386.85,-5.09,,,,,2026-07-27T19:22:58,
2026-07-22,SUPREMEINF.NS,DIVERSIFIED,89.78,860.0,73.2,62.209999999999994,DE_TOO_HIGH(6.32>1.50),80.29,-10.57,,,,,2026-07-27T19:23:15,
2026-07-22,STYLAMIND.NS,DIVERSIFIED,3587.4,6065.0,65.5,40.574999999999996,"CONF_FAIL(got 40.6, need 83) | TQ_FAIL(got 65.5, need 73) | RR_FAIL(got 1.55, need 2.0)",3415.2,-4.8,,,,,2026-07-27T19:23:28,
2026-07-22,STALLION.NS,DIVERSIFIED,250.63,0.0,58.3,26.775,ROE_TOO_LOW(8.9%<10%),255.5,1.94,,,,,2026-07-27T19:23:37,
2026-07-22,SSWL.NS,DIVERSIFIED,279.69,4394.0,63.4,74.11,"CONF_FAIL(got 74.1, need 83) | TQ_FAIL(got 63.4, need 73) | RR_FAIL(got 1.44, need 2.0)",293.95,5.1,,,,,2026-07-27T19:22:56,
2026-07-22,SRF.NS,DIVERSIFIED,2867.2,84922.0,73.7,65.58,"CONF_FAIL(got 65.6, need 83) | RR_FAIL(got 1.97, need 2.0) | SECTOR_RANK_TOO_LOW(rank=13>top6)",2636.5,-8.05,,,,,2026-07-27T19:23:06,
2026-07-22,SPORTKING.NS,DIVERSIFIED,200.92,0.0,63.4,65.225,"CONF_FAIL(got 65.2, need 83) | TQ_FAIL(got 63.4, need 73) | RR_FAIL(got 1.69, need 2.0)",215.56,7.29,,,,,2026-07-27T19:23:07,
2026-07-22,SONACOMS.NS,AUTO_ANCILLARY,726.5,45211.0,62.8,73.85,"CONF_FAIL(got 73.8, need 83) | TQ_FAIL(got 62.8, need 73) | RR_FAIL(got 1.42, need 2.0)",720.9,-0.77,,,,,2026-07-27T19:22:57,
2026-07-22,SMARTWORKS.NS,DIVERSIFIED,489.15,5596.0,72.4,57.715,ROE_TOO_LOW(3.3%<10%),485.0,-0.85,,,,,2026-07-27T19:23:19,
2026-07-22,SHREEJISPG.NS,DIVERSIFIED,626.1,10189.0,59.4,66.81,"CONF_FAIL(got 66.8, need 83) | TQ_FAIL(got 59.4, need 73) | RR_FAIL(got 1.43, need 2.0)",631.25,0.82,,,,,2026-07-27T19:23:05,
2026-07-22,SHAREINDIA.NS,DIVERSIFIED,190.73,4173.0,62.1,60.2,"CONF_FAIL(got 60.2, need 83) | TQ_FAIL(got 62.1, need 73) | SECTOR_RANK_TOO_LOW(rank=13>top6)",188.39,-1.23,,,,,2026-07-27T19:23:16,
2026-07-22,SHANKARA.NS,DIVERSIFIED,139.63,340.0,68.4,65.02000000000001,SETUP_EDGE_SKIP(REGIME_CHOP_NO_BREAKOUT(TRANSITION/OTHER)),140.87,0.89,,,,,2026-07-27T19:23:08,
2026-07-22,SGMART.NS,DIVERSIFIED,660.7,8309.0,73.1,64.0,ROE_TOO_LOW(7.9%<10%),720.65,9.07,,,,,2026-07-27T19:23:12,
2026-07-22,SGFIN.NS,FINANCE,665.65,0.0,65.0,67.14,"CONF_FAIL(got 67.1, need 83) | TQ_FAIL(got 65.0, need 73) | SECTOR_RANK_TOO_LOW(rank=9>top6)",688.1,3.37,,,,,2026-07-27T19:23:05,
2026-07-22,RUBICON.NS,DIVERSIFIED,1466.4,24262.0,75.6,70.21000000000001,SETUP_EDGE_SKIP(REGIME_CHOP_NO_BREAKOUT(TRANSITION/OTHER)),1556.0,6.11,,,,,2026-07-27T19:23:00,
2026-07-22,RELAXO.NS,FMCG,401.5,0.0,61.4,60.0,ROE_TOO_LOW(8.3%<10%),401.4,-0.02,,,,,2026-07-27T19:23:17,
2026-07-22,RAJRATAN.NS,DIVERSIFIED,495.35,2512.0,66.0,52.2,"CONF_FAIL(got 52.2, need 83) | TQ_FAIL(got 66.0, need 73) | SECTOR_RANK_TOO_LOW(rank=13>top6)",504.5,1.85,,,,,2026-07-27T19:23:23,
2026-07-22,RAIN.NS,DIVERSIFIED,216.64,7287.0,67.9,34.405,ROE_TOO_LOW(0.6%<10%),223.74,3.28,,,,,2026-07-27T19:23:31,
2026-07-22,PREMIERPOL.NS,DIVERSIFIED,79.48,0.0,52.3,41.57,"CONF_FAIL(got 41.6, need 83) | TQ_FAIL(got 52.3, need 73) | SECTOR_RANK_TOO_LOW(rank=13>top6)",74.48,-6.29,,,,,2026-07-27T19:23:27,
2026-07-22,PPLPHARMA.NS,PHARMA,177.1,23579.0,66.8,63.42,"CONF_FAIL(got 63.4, need 83) | TQ_FAIL(got 66.8, need 73) | SECTOR_RANK_TOO_LOW(rank=19>top6)",192.05,8.44,,,,,2026-07-27T19:23:13,
2026-07-22,POLYPLEX.NS,DIVERSIFIED,1115.05,3500.0,73.3,63.92,ROE_TOO_LOW(1.1%<10%),1161.9,4.2,,,,,2026-07-27T19:23:12,
2026-07-22,PNGJL.NS,DIVERSIFIED,636.6,8635.0,71.3,56.9,"CONF_FAIL(got 56.9, need 83) | TQ_FAIL(got 71.3, need 73) | RR_FAIL(got 1.43, need 2.0)",689.05,8.24,,,,,2026-07-27T19:23:19,
2026-07-22,PICCADIL.NS,DIVERSIFIED,745.0,7353.0,56.2,64.1,"CONF_FAIL(got 64.1, need 83) | TQ_FAIL(got 56.2, need 73) | RR_FAIL(got 1.43, need 2.0)",757.05,1.62,,,,,2026-07-27T19:23:12,
2026-07-22,PAISALO.NS,DIVERSIFIED,73.23,6660.0,55.7,67.88,SETUP_EDGE_SKIP(REGIME_CHOP_NO_BREAKOUT(TRANSITION/OTHER)),70.44,-3.81,,,,,2026-07-27T19:23:01,
2026-07-22,OPTIEMUS.NS,DIVERSIFIED,615.45,5454.0,68.2,64.43,ROE_TOO_LOW(9.2%<10%),610.45,-0.81,,,,,2026-07-27T19:23:10,
2026-07-22,NILKAMAL.NS,DIVERSIFIED,1604.3,2394.0,57.5,39.265,ROE_TOO_LOW(8.2%<10%),1775.2,10.65,,,,,2026-07-27T19:23:30,
2026-07-22,NESTLEIND.NS,FMCG,1493.6,287795.0,74.6,66.36,"CONF_FAIL(got 66.4, need 83) | RR_FAIL(got 1.39, need 2.0) | EVENT_BLOCK_RESULTS_IN_0D",1446.1,-3.18,,,,,2026-07-27T19:23:05,
2026-07-22,NELCO.NS,DIVERSIFIED,934.95,2129.0,72.1,64.8,ROE_TOO_LOW(0.5%<10%),933.75,-0.13,,,,,2026-07-27T19:23:08,
2026-07-22,NAUKRI.NS,IT,1189.3,77168.0,65.3,71.61,SETUP_EDGE_SKIP(REGIME_CHOP_NO_BREAKOUT(TRANSITION/OTHER)),1194.3,0.42,,,,,2026-07-27T19:22:58,
2026-07-22,MUTHOOTMF.NS,DIVERSIFIED,250.24,0.0,56.2,59.17,SETUP_EDGE_SKIP(REGIME_CHOP_NO_BREAKOUT(TRANSITION/OTHER)),255.03,1.91,,,,,2026-07-27T19:23:17,
2026-07-22,MOL.NS,METALS,55.79,1421.0,71.2,54.78,ROE_TOO_LOW(1.9%<10%),55.61,-0.32,,,,,2026-07-27T19:23:23,
2026-07-22,MODIS.NS,REALTY,408.0,801.0,59.7,42.145,"CONF_FAIL(got 42.1, need 83) | TQ_FAIL(got 59.7, need 73) | RR_FAIL(got 1.34, need 2.0)",388.45,-4.79,,,,,2026-07-27T19:23:27,
2026-07-22,MMFL.NS,CAPITAL_GOODS,552.1,2664.0,62.3,71.77,"CONF_FAIL(got 71.8, need 83) | TQ_FAIL(got 62.3, need 73) | RR_FAIL(got 1.51, need 2.0)",559.5,1.34,,,,,2026-07-27T19:22:58,
2026-07-22,MBAPL.NS,METALS,139.25,0.0,62.3,33.95,DE_TOO_HIGH(1.57>1.50),163.95,17.74,,,,,2026-07-27T19:23:31,
2026-07-22,MANBA.NS,FINANCE,139.16,0.0,78.5,62.370000000000005,"CONF_FAIL(got 62.4, need 83) | SECTOR_RANK_TOO_LOW(rank=9>top6)",146.37,5.18,,,,,2026-07-27T19:23:14,
2026-07-22,MANAPPURAM.NS,FINANCE,350.2,32914.0,71.0,67.65,ROE_TOO_LOW(7.0%<10%),359.85,2.76,,,,,2026-07-27T19:23:02,
2026-07-22,MANAKCOAT.NS,CAPITAL_GOODS,122.59,1309.0,69.8,67.31,"CONF_FAIL(got 67.3, need 83) | TQ_FAIL(got 69.8, need 73) | SECTOR_RANK_TOO_LOW(rank=14>top6)",126.11,2.87,,,,,2026-07-27T19:23:03,
2026-07-22,MAHLOG.NS,CAPITAL_GOODS,402.15,3992.0,77.5,41.245,ROE_TOO_LOW(0.3%<10%),419.1,4.21,,,,,2026-07-27T19:23:28,
2026-07-22,LXCHEM.NS,METALS,174.52,4843.0,62.6,65.01,ROE_TOO_LOW(4.1%<10%),193.05,10.62,,,,,2026-07-27T19:23:08,
2026-07-22,LOTUSDEV.NS,DIVERSIFIED,162.7,7925.0,74.8,56.12,"CONF_FAIL(got 56.1, need 83) | RR_FAIL(got 1.42, need 2.0) | SECTOR_RANK_TOO_LOW(rank=13>top6)",187.95,15.52,,,,,2026-07-27T19:23:20,
2026-07-22,LENSKART.NS,HEALTHCARE,559.35,97273.0,65.9,62.81,ROE_TOO_LOW(6.9%<10%),572.0,2.26,,,,,2026-07-27T19:23:13,
2026-07-22,KRISHANA.NS,BUILDING_MAT,143.65,0.0,73.2,70.28,"CONF_FAIL(got 70.3, need 83) | SECTOR_RANK_TOO_LOW(rank=17>top6)",167.65,16.71,,,,,2026-07-27T19:23:00,
2026-07-22,KARURVYSYA.NS,FINANCE,339.15,0.0,66.1,44.265,"CONF_FAIL(got 44.3, need 83) | TQ_FAIL(got 66.1, need 73) | RR_FAIL(got 1.45, need 2.0)",339.65,0.15,,,,,2026-07-27T19:23:26,
2026-07-22,KAMDHENU.NS,METALS,33.76,953.0,66.7,60.065,"CONF_FAIL(got 60.1, need 83) | TQ_FAIL(got 66.7, need 73) | SECTOR_RANK_TOO_LOW(rank=7>top6)",36.76,8.89,,,,,2026-07-27T19:23:16,
2026-07-22,KALYANKJIL.NS,CONSUMER,596.1,61567.0,48.2,45.285,"CONF_FAIL(got 45.3, need 83) | TQ_FAIL(got 48.2, need 73) | RR_FAIL(got 1.56, need 2.0)",564.6,-5.28,,,,,2026-07-27T19:23:24,
2026-07-22,KABRAEXTRU.NS,CAPITAL_GOODS,341.0,1195.0,57.2,32.9,"CONF_FAIL(got 32.9, need 83) | TQ_FAIL(got 57.2, need 73) | RR_FAIL(got 1.73, need 2.0)",404.8,18.71,,,,,2026-07-27T19:23:31,
2026-07-22,JSFB.NS,FINANCE,552.25,0.0,56.4,67.31,"CONF_FAIL(got 67.3, need 83) | TQ_FAIL(got 56.4, need 73) | RR_FAIL(got 1.45, need 2.0)",537.25,-2.72,,,,,2026-07-27T19:23:03,
2026-07-22,JKPAPER.NS,METALS,389.3,7056.0,71.8,27.85,ROE_TOO_LOW(5.1%<10%),414.55,6.49,,,,,2026-07-27T19:23:37,
2026-07-22,JINDWORLD.NS,CONSUMER,37.15,3720.0,61.2,43.77,"CONF_FAIL(got 43.8, need 83) | TQ_FAIL(got 61.2, need 73) | RR_FAIL(got 1.58, need 2.0)",39.43,6.14,,,,,2026-07-27T19:23:26,
2026-07-22,JGCHEM.NS,METALS,484.45,1897.0,61.8,28.14,"CONF_FAIL(got 28.1, need 83) | TQ_FAIL(got 61.8, need 73) | RR_FAIL(got 1.59, need 2.0)",507.75,4.81,,,,,2026-07-27T19:23:36,
2026-07-22,IRISDOREME.NS,CONSUMER,46.68,0.0,57.3,70.15,"CONF_FAIL(got 70.2, need 83) | TQ_FAIL(got 57.3, need 73) | RR_FAIL(got 1.59, need 2.0)",48.29,3.45,,,,,2026-07-27T19:23:00,
2026-07-22,INOXINDIA.NS,DIVERSIFIED,2042.2,18569.0,67.5,61.81,"CONF_FAIL(got 61.8, need 83) | TQ_FAIL(got 67.5, need 73) | RR_FAIL(got 1.91, need 2.0)",1985.9,-2.76,,,,,2026-07-27T19:23:15,
2026-07-22,INDUSINDBK.NS,BANKING,1069.3,83246.0,75.3,57.71,ROE_TOO_LOW(1.4%<10%),1006.65,-5.86,,,,,2026-07-27T19:23:19,
2026-07-22,INDSWFTLAB.NS,PHARMA,233.07,2017.0,59.8,68.48,ROE_TOO_LOW(3.9%<10%),239.91,2.93,,,,,2026-07-27T19:23:00,
2026-07-22,IIFL.NS,DIVERSIFIED,570.35,24249.0,64.4,0.0,BLACK_SWAN_NEWS,573.2,0.5,,,,,2026-07-27T19:23:38,
2026-07-22,HUHTAMAKI.NS,DIVERSIFIED,291.98,2204.0,57.4,31.034999999999997,"CONF_FAIL(got 31.0, need 83) | TQ_FAIL(got 57.4, need 73) | RR_FAIL(got 1.44, need 2.0)",312.61,7.07,,,,,2026-07-27T19:23:33,
2026-07-22,HSCL.NS,DIVERSIFIED,768.25,38766.0,64.0,56.175,"CONF_FAIL(got 56.2, need 83) | TQ_FAIL(got 64.0, need 73) | RR_FAIL(got 1.45, need 2.0)",790.45,2.89,,,,,2026-07-27T19:23:20,
2026-07-22,HCG.NS,DIVERSIFIED,670.95,10014.0,60.2,64.63,ROE_TOO_LOW(2.5%<10%),676.95,0.89,,,,,2026-07-27T19:23:09,
2026-07-22,GSPCROP.NS,DIVERSIFIED,506.8,2358.0,47.6,60.25,"CONF_FAIL(got 60.2, need 83) | TQ_FAIL(got 47.6, need 73) | RR_FAIL(got 1.48, need 2.0)",556.6,9.83,,,,,2026-07-27T19:23:16,
2026-07-22,GREENPLY.NS,DIVERSIFIED,329.65,4132.0,74.4,46.885,"CONF_FAIL(got 46.9, need 83) | RR_FAIL(got 1.88, need 2.0) | SECTOR_RANK_TOO_LOW(rank=13>top6)",294.75,-10.59,,,,,2026-07-27T19:23:24,
2026-07-22,GHCLTEXTIL.NS,DIVERSIFIED,114.2,0.0,66.3,64.1,SETUP_EDGE_SKIP(REGIME_CHOP_NO_BREAKOUT(TRANSITION/OTHER)),116.15,1.71,,,,,2026-07-27T19:23:12,
2026-07-22,GCSL.NS,DIVERSIFIED,523.55,1262.0,52.4,61.260000000000005,"CONF_FAIL(got 61.3, need 83) | TQ_FAIL(got 52.4, need 73) | RR_FAIL(got 1.64, need 2.0)",531.1,1.44,,,,,2026-07-27T19:23:15,
2026-07-22,GAUDIUMIVF.NS,DIVERSIFIED,158.16,1147.0,57.0,50.76,"CONF_FAIL(got 50.8, need 83) | TQ_FAIL(got 57.0, need 73) | RR_FAIL(got 1.50, need 2.0)",148.87,-5.87,,,,,2026-07-27T19:23:23,
2026-07-22,GANDHAR.NS,DIVERSIFIED,236.19,2310.0,58.4,31.840000000000003,"CONF_FAIL(got 31.8, need 83) | TQ_FAIL(got 58.4, need 73) | RR_FAIL(got 1.44, need 2.0)",245.47,3.93,,,,,2026-07-27T19:23:32,
2026-07-22,GABRIEL.NS,DIVERSIFIED,1424.6,20396.0,61.2,32.05,"CONF_FAIL(got 32.0, need 83) | TQ_FAIL(got 61.2, need 73) | RR_FAIL(got 1.45, need 2.0)",1437.8,0.93,,,,,2026-07-27T19:23:32,
2026-07-22,FLUOROCHEM.NS,DIVERSIFIED,4590.4,50421.0,59.1,32.96,ROE_TOO_LOW(7.8%<10%),4563.5,-0.59,,,,,2026-07-27T19:23:31,
2026-07-22,FILATEX.NS,DIVERSIFIED,71.73,3181.0,54.0,49.435,SETUP_EDGE_SKIP(REGIME_CHOP_NO_BREAKOUT(TRANSITION/OTHER)),74.64,4.06,,,,,2026-07-27T19:23:24,
2026-07-22,FEDERALBNK.NS,BANKING,353.25,87203.0,68.6,67.39,"CONF_FAIL(got 67.4, need 83) | TQ_FAIL(got 68.6, need 73) | RR_FAIL(got 1.42, need 2.0)",356.5,0.92,,,,,2026-07-27T19:23:02,
2026-07-22,FEDDERSHOL.NS,DIVERSIFIED,51.52,1038.0,42.8,55.92,"CONF_FAIL(got 55.9, need 83) | TQ_FAIL(got 42.8, need 73) | RR_FAIL(got 1.82, need 2.0)",44.64,-13.35,,,,,2026-07-27T19:23:21,
2026-07-22,EXIDEIND.NS,DIVERSIFIED,447.85,38076.0,72.7,46.28,ROE_TOO_LOW(6.0%<10%),427.0,-4.66,,,,,2026-07-27T19:23:24,
2026-07-22,E2E.NS,DIVERSIFIED,468.7,9629.0,57.8,86.235,"TQ_FAIL(got 57.8, need 73) | RR_FAIL(got 1.45, need 2.0) | SECTOR_RANK_TOO_LOW(rank=13>top6)",542.5,15.75,,,,,2026-07-27T19:22:56,
2026-07-22,DYCL.NS,DIVERSIFIED,407.2,0.0,62.5,32.03,"CONF_FAIL(got 32.0, need 83) | TQ_FAIL(got 62.5, need 73) | SECTOR_RANK_TOO_LOW(rank=13>top6)",414.9,1.89,,,,,2026-07-27T19:23:32,
2026-07-22,DPABHUSHAN.NS,DIVERSIFIED,1386.05,3171.0,52.3,33.48,"CONF_FAIL(got 33.5, need 83) | TQ_FAIL(got 52.3, need 73) | RR_FAIL(got 1.91, need 2.0)",1412.35,1.9,,,,,2026-07-27T19:23:31,
2026-07-22,DIXON.NS,DIVERSIFIED,13882.0,84859.0,67.1,60.519999999999996,SETUP_EDGE_SKIP(REGIME_CHOP_NO_BREAKOUT(TRANSITION/OTHER)),13810.0,-0.52,,,,,2026-07-27T19:23:16,
2026-07-22,DIVISLAB.NS,PHARMA,7386.5,196087.0,69.3,68.35000000000001,SETUP_EDGE_SKIP(REGIME_CHOP_NO_BREAKOUT(TRANSITION/OTHER)),7414.0,0.37,,,,,2026-07-27T19:23:01,
2026-07-22,DIACABS.NS,DIVERSIFIED,269.14,14168.0,50.0,59.94,"CONF_FAIL(got 59.9, need 83) | TQ_FAIL(got 50.0, need 73) | RR_FAIL(got 1.64, need 2.0)",307.17,14.13,,,,,2026-07-27T19:23:17,
2026-07-22,DALMIASUG.NS,DIVERSIFIED,365.05,2954.0,65.3,68.21,ROE_TOO_LOW(7.3%<10%),358.5,-1.79,,,,,2026-07-27T19:23:01,
2026-07-22,CYIENTDLM.NS,DIVERSIFIED,698.15,5544.0,58.3,31.54,ROE_TOO_LOW(7.5%<10%),665.05,-4.74,,,,,2026-07-27T19:23:33,
2026-07-22,CRAMC.NS,DIVERSIFIED,266.81,0.0,71.3,62.31,"CONF_FAIL(got 62.3, need 83) | TQ_FAIL(got 71.3, need 73) | RR_FAIL(got 1.75, need 2.0)",262.87,-1.48,,,,,2026-07-27T19:23:14,
2026-07-22,COSMOFIRST.NS,DIVERSIFIED,865.45,2272.0,75.0,52.13,"CONF_FAIL(got 52.1, need 83) | RR_FAIL(got 1.92, need 2.0) | SECTOR_RANK_TOO_LOW(rank=13>top6)",909.2,5.06,,,,,2026-07-27T19:23:23,
2026-07-22,CHENNPETRO.NS,DIVERSIFIED,1307.8,19450.0,69.2,43.52,"CONF_FAIL(got 43.5, need 83) | TQ_FAIL(got 69.2, need 73) | RR_FAIL(got 1.45, need 2.0)",1168.8,-10.63,,,,,2026-07-27T19:23:27,
2026-07-22,BLUESTONE.NS,DIVERSIFIED,776.05,11851.0,56.1,30.875,ROE_TOO_LOW(1.1%<10%),820.75,5.76,,,,,2026-07-27T19:23:34,
2026-07-22,BEPL.NS,DIVERSIFIED,120.06,2987.0,58.6,60.83,"CONF_FAIL(got 60.8, need 83) | TQ_FAIL(got 58.6, need 73) | RR_FAIL(got 1.69, need 2.0)",114.51,-4.62,,,,,2026-07-27T19:23:16,
2026-07-22,BALRAMCHIN.NS,DIVERSIFIED,624.75,13207.0,70.6,29.810000000000002,ROE_TOO_LOW(9.5%<10%),611.65,-2.1,,,,,2026-07-27T19:23:34,
2026-07-22,BALAMINES.NS,DIVERSIFIED,2380.3,7711.0,63.2,65.47,ROE_TOO_LOW(8.7%<10%),2284.8,-4.01,,,,,2026-07-27T19:23:07,
2026-07-22,BAJFINANCE.NS,FINANCE,1060.3,660570.0,70.0,66.69,"CONF_FAIL(got 66.7, need 83) | TQ_FAIL(got 70.0, need 73) | RR_FAIL(got 1.40, need 2.0)",1048.3,-1.13,,,,,2026-07-27T19:23:05,
2026-07-22,AYE.NS,DIVERSIFIED,177.22,4363.0,71.0,31.61,"CONF_FAIL(got 31.6, need 83) | TQ_FAIL(got 71.0, need 73) | SECTOR_RANK_TOO_LOW(rank=13>top6)",166.81,-5.87,,,,,2026-07-27T19:23:33,
2026-07-22,ASKAUTOLTD.NS,DIVERSIFIED,485.3,9572.0,80.1,63.855000000000004,"CONF_FAIL(got 63.9, need 83) | SECTOR_RANK_TOO_LOW(rank=13>top6)",514.4,6.0,,,,,2026-07-27T19:23:13,
2026-07-22,ARIHANTCAP.NS,DIVERSIFIED,77.13,848.0,62.9,32.68,ROE_TOO_LOW(7.7%<10%),78.06,1.21,,,,,2026-07-27T19:23:32,
2026-07-22,ANANTRAJ.NS,DIVERSIFIED,616.35,22154.0,74.4,44.72,"CONF_FAIL(got 44.7, need 83) | RR_FAIL(got 1.44, need 2.0) | SECTOR_RANK_TOO_LOW(rank=13>top6)",616.9,0.09,,,,,2026-07-27T19:23:26,
2026-07-22,AMAGI.NS,DIVERSIFIED,611.85,13230.0,69.8,34.61,"CONF_FAIL(got 34.6, need 83) | TQ_FAIL(got 69.8, need 73) | SECTOR_RANK_TOO_LOW(rank=13>top6)",625.05,2.16,,,,,2026-07-27T19:23:30,
2026-07-22,ALGOQUANT.NS,DIVERSIFIED,66.82,1877.0,64.3,67.78,"CONF_FAIL(got 67.8, need 83) | TQ_FAIL(got 64.3, need 73) | RR_FAIL(got 1.39, need 2.0)",69.3,3.71,,,,,2026-07-27T19:23:01,
2026-07-22,AEGISVOPAK.NS,DIVERSIFIED,295.66,32833.0,62.0,30.490000000000002,"CONF_FAIL(got 30.5, need 83) | TQ_FAIL(got 62.0, need 73) | SECTOR_RANK_TOO_LOW(rank=13>top6)",303.49,2.65,,,,,2026-07-27T19:23:34,
2026-07-22,AEGISLOG.NS,LOGISTICS,1351.3,47384.0,45.2,59.849999999999994,"CONF_FAIL(got 59.8, need 83) | TQ_FAIL(got 45.2, need 73) | SECTOR_RANK_TOO_LOW(rank=25>top6)",1291.3,-4.44,,,,,2026-07-27T19:23:17,
2026-07-22,ACUTAAS.NS,DIVERSIFIED,3659.6,29977.0,59.1,66.275,"CONF_FAIL(got 66.3, need 83) | TQ_FAIL(got 59.1, need 73) | RR_FAIL(got 1.70, need 2.0)",3367.8,-7.97,,,,,2026-07-27T19:23:06,
2026-07-21,ZYDUSWELL.NS,DIVERSIFIED,592.25,18848.0,62.3,70.32,ROE_TOO_LOW(4.0%<10%),559.35,-5.56,,,,,2026-07-27T19:23:45,
2026-07-21,VSSL.NS,DIVERSIFIED,303.35,2938.0,68.7,71.16,"RR_FAIL(got 1.34, need 1.7) | SECTOR_RANK_TOO_LOW(rank=15>top6)",297.3,-1.99,,,,,2026-07-27T19:23:44,
2026-07-21,VIMTALABS.NS,PHARMA,599.6,2675.0,74.9,66.685,"CONF_FAIL(got 66.7, need 70) | RR_FAIL(got 1.63, need 1.7) | SECTOR_RANK_TOO_LOW(rank=11>top6)",587.15,-2.08,,,,,2026-07-27T19:23:54,
2026-07-21,UNIMECH.NS,DIVERSIFIED,1276.2,6491.0,69.1,67.235,ROE_TOO_LOW(9.0%<10%),1203.2,-5.72,,,,,2026-07-27T19:23:53,
2026-07-21,UDS.NS,DIVERSIFIED,200.2,1338.0,75.6,69.34,ROE_TOO_LOW(8.9%<10%),206.6,3.2,,,,,2026-07-27T19:23:46,
2026-07-21,TMB.NS,DIVERSIFIED,818.45,12962.0,75.2,64.56,"CONF_FAIL(got 64.6, need 70) | SECTOR_RANK_TOO_LOW(rank=15>top6)",893.65,9.19,,,,,2026-07-27T19:24:00,
2026-07-21,TIRUPATIFL.NS,DIVERSIFIED,76.95,0.0,60.3,82.22,ROE_TOO_LOW(5.2%<10%),75.31,-2.13,,,,,2026-07-27T19:23:38,
2026-07-21,TINNARUBR.NS,DIVERSIFIED,1148.9,2077.0,51.6,28.049999999999997,"CONF_FAIL(got 28.0, need 70) | TQ_FAIL(got 51.6, need 68) | SECTOR_RANK_TOO_LOW(rank=15>top6)",1139.3,-0.84,,,,,2026-07-27T19:24:18,
2026-07-21,TIMETECHNO.NS,IT,207.86,10259.0,64.8,49.37,"CONF_FAIL(got 49.4, need 70) | TQ_FAIL(got 64.8, need 68) | RR_FAIL(got 1.45, need 1.7)",206.75,-0.53,,,,,2026-07-27T19:24:07,
2026-07-21,TFCILTD.NS,DIVERSIFIED,83.21,3830.0,67.5,67.73,ROE_TOO_LOW(9.9%<10%),94.8,13.93,,,,,2026-07-27T19:23:51,
2026-07-21,TECHM.NS,IT,1576.3,154521.0,62.3,75.31,"TQ_FAIL(got 62.3, need 68) | RR_FAIL(got 1.44, need 1.7) | SECTOR_RANK_TOO_LOW(rank=19>top6)",1575.0,-0.08,,,,,2026-07-27T19:23:40,
2026-07-21,TCIEXP.NS,DIVERSIFIED,586.05,2283.0,58.3,64.84,"CONF_FAIL(got 64.8, need 70) | TQ_FAIL(got 58.3, need 68) | RR_FAIL(got 1.44, need 1.7)",561.35,-4.21,,,,,2026-07-27T19:23:59,
2026-07-21,TATVA.NS,DIVERSIFIED,1685.0,3941.0,52.6,30.950000000000003,ROE_TOO_LOW(5.5%<10%),1800.1,6.83,,,,,2026-07-27T19:24:18,
2026-07-21,TARSONS.NS,DIVERSIFIED,312.05,1664.0,74.4,58.5,SETUP_EDGE_SKIP(REGIME_CHOP_NO_BREAKOUT(SIDEWAYS/OTHER)),320.9,2.84,,,,,2026-07-27T19:24:04,
2026-07-21,TALBROAUTO.NS,AUTO_ANCILLARY,412.35,2548.0,63.8,73.17,"TQ_FAIL(got 63.8, need 68) | SECTOR_RANK_TOO_LOW(rank=14>top6)",386.85,-6.18,,,,,2026-07-27T19:23:41,
2026-07-21,STALLION.NS,DIVERSIFIED,245.32,0.0,62.6,36.63,"CONF_FAIL(got 36.6, need 70) | TQ_FAIL(got 62.6, need 68) | RR_FAIL(got 1.52, need 1.7)",255.5,4.15,,,,,2026-07-27T19:24:14,
2026-07-21,SSWL.NS,DIVERSIFIED,279.3,4391.0,66.4,77.04,"TQ_FAIL(got 66.4, need 68) | RR_FAIL(got 1.43, need 1.7) | SECTOR_RANK_TOO_LOW(rank=15>top6)",293.95,5.25,,,,,2026-07-27T19:23:38,
2026-07-21,SRF.NS,DIVERSIFIED,2939.0,87109.0,70.7,61.94,"CONF_FAIL(got 61.9, need 70) | RR_FAIL(got 1.42, need 1.7) | SECTOR_RANK_TOO_LOW(rank=15>top6)",2636.5,-10.29,,,,,2026-07-27T19:24:04,
2026-07-21,SONACOMS.NS,AUTO_ANCILLARY,732.75,45689.0,69.4,60.72,"CONF_FAIL(got 60.7, need 70) | RR_FAIL(got 1.43, need 1.7) | SECTOR_RANK_TOO_LOW(rank=14>top6)",720.9,-1.62,,,,,2026-07-27T19:24:04,
2026-07-21,SHYAMMETL.NS,DIVERSIFIED,1062.65,29696.0,75.4,67.83,ROE_TOO_LOW(9.7%<10%),1035.1,-2.59,,,,,2026-07-27T19:23:50,
2026-07-21,SHRIRAMFIN.NS,FINANCE,1061.5,249790.0,75.8,65.35,"CONF_FAIL(got 65.3, need 70) | SECTOR_RANK_TOO_LOW(rank=10>top6) | EVENT_BLOCK_RESULTS_IN_3D",1038.2,-2.2,,,,,2026-07-27T19:23:58,
2026-07-21,SHREEJISPG.NS,DIVERSIFIED,612.15,9972.0,62.3,47.89,"CONF_FAIL(got 47.9, need 70) | TQ_FAIL(got 62.3, need 68) | RR_FAIL(got 1.43, need 1.7)",631.25,3.12,,,,,2026-07-27T19:24:10,
2026-07-21,SHAREINDIA.NS,DIVERSIFIED,185.88,4065.0,63.5,61.010000000000005,"CONF_FAIL(got 61.0, need 70) | TQ_FAIL(got 63.5, need 68) | SECTOR_RANK_TOO_LOW(rank=15>top6)",188.39,1.35,,,,,2026-07-27T19:24:04,
2026-07-21,SGFIN.NS,FINANCE,677.5,0.0,58.7,62.86,"CONF_FAIL(got 62.9, need 70) | TQ_FAIL(got 58.7, need 68) | SECTOR_RANK_TOO_LOW(rank=10>top6)",688.1,1.56,,,,,2026-07-27T19:24:03,
2026-07-21,SETL.NS,DIVERSIFIED,289.65,5727.0,44.4,65.94999999999999,"CONF_FAIL(got 65.9, need 70) | TQ_FAIL(got 44.4, need 68) | SECTOR_RANK_TOO_LOW(rank=15>top6)",282.8,-2.36,,,,,2026-07-27T19:23:57,
2026-07-21,SAREGAMA.NS,DIVERSIFIED,516.2,9960.0,63.7,65.975,"CONF_FAIL(got 66.0, need 70) | TQ_FAIL(got 63.7, need 68) | RR_FAIL(got 1.43, need 1.7)",514.85,-0.26,,,,,2026-07-27T19:23:56,
2026-07-21,SANSERA.NS,DIVERSIFIED,3294.7,20560.0,70.4,66.075,SETUP_EDGE_SKIP(REGIME_CHOP_NO_BREAKOUT(SIDEWAYS/OTHER)),3273.0,-0.66,,,,,2026-07-27T19:23:56,
2026-07-21,RELAXO.NS,FMCG,410.95,0.0,63.4,66.84,ROE_TOO_LOW(8.3%<10%),401.4,-2.32,,,,,2026-07-27T19:23:54,
2026-07-21,RAJRATAN.NS,DIVERSIFIED,509.9,2589.0,77.9,43.93,"CONF_FAIL(got 43.9, need 70) | SECTOR_RANK_TOO_LOW(rank=15>top6) | SUSPECT_PUMP_LOW_DELIVERY",504.5,-1.06,,,,,2026-07-27T19:24:11,
2026-07-21,RAIN.NS,DIVERSIFIED,223.4,7508.0,65.9,33.325,ROE_TOO_LOW(0.6%<10%),223.74,0.15,,,,,2026-07-27T19:24:17,
2026-07-21,QUESS.NS,DIVERSIFIED,299.65,4479.0,61.1,76.8,"TQ_FAIL(got 61.1, need 68) | SECTOR_RANK_TOO_LOW(rank=15>top6)",295.75,-1.3,,,,,2026-07-27T19:23:38,
2026-07-21,PREMIERPOL.NS,DIVERSIFIED,72.07,0.0,65.5,68.96000000000001,"CONF_FAIL(got 69.0, need 70) | TQ_FAIL(got 65.5, need 68) | SECTOR_RANK_TOO_LOW(rank=15>top6)",74.48,3.34,,,,,2026-07-27T19:23:46,
2026-07-21,PPLPHARMA.NS,PHARMA,184.81,24594.0,72.5,67.12,"CONF_FAIL(got 67.1, need 70) | RR_FAIL(got 1.63, need 1.7) | SECTOR_RANK_TOO_LOW(rank=11>top6)",192.05,3.92,,,,,2026-07-27T19:23:53,
2026-07-21,PICCADIL.NS,DIVERSIFIED,753.95,7425.0,69.9,49.54,"CONF_FAIL(got 49.5, need 70) | RR_FAIL(got 1.44, need 1.7) | SECTOR_RANK_TOO_LOW(rank=15>top6)",757.05,0.41,,,,,2026-07-27T19:24:07,
2026-07-21,PCBL.NS,DIVERSIFIED,332.3,13075.0,75.4,63.61,ROE_TOO_LOW(5.6%<10%),326.15,-1.85,,,,,2026-07-27T19:24:01,
2026-07-21,ORIENTHOT.NS,DIVERSIFIED,146.54,2584.0,72.0,70.79,ROE_TOO_LOW(9.5%<10%),137.35,-6.27,,,,,2026-07-27T19:23:45,
2026-07-21,OPTIEMUS.NS,DIVERSIFIED,605.35,5371.0,59.7,69.665,ROE_TOO_LOW(9.2%<10%),610.45,0.84,,,,,2026-07-27T19:23:45,
2026-07-21,ONWARDTEC.NS,DIVERSIFIED,292.15,650.0,73.6,64.335,"CONF_FAIL(got 64.3, need 70) | SECTOR_RANK_TOO_LOW(rank=15>top6) | SUSPECT_PUMP_LOW_DELIVERY",292.75,0.21,,,,,2026-07-27T19:24:01,
2026-07-21,NUVOCO.NS,DIVERSIFIED,361.6,12900.0,62.6,70.89,ROE_TOO_LOW(4.0%<10%),351.15,-2.89,,,,,2026-07-27T19:23:44,
2026-07-21,NILKAMAL.NS,DIVERSIFIED,1557.0,2321.0,63.9,49.04,ROE_TOO_LOW(8.2%<10%),1775.2,14.01,,,,,2026-07-27T19:24:09,
2026-07-21,NAUKRI.NS,IT,1207.7,78333.0,79.0,45.3,SETUP_EDGE_SKIP(REGIME_CHOP_NO_BREAKOUT(SIDEWAYS/OTHER)),1194.3,-1.11,,,,,2026-07-27T19:24:11,
2026-07-21,MUTHOOTMF.NS,DIVERSIFIED,254.3,0.0,54.0,65.99,ROE_TOO_LOW(6.2%<10%),255.03,0.29,,,,,2026-07-27T19:23:56,
2026-07-21,MOSCHIP.NS,IT,245.28,4767.0,67.4,66.755,SETUP_EDGE_SKIP(REGIME_CHOP_NO_BREAKOUT(SIDEWAYS/OTHER)),208.3,-15.08,,,,,2026-07-27T19:23:54,
2026-07-21,MMFL.NS,CAPITAL_GOODS,555.75,2686.0,67.7,46.115,"CONF_FAIL(got 46.1, need 70) | TQ_FAIL(got 67.7, need 68) | RR_FAIL(got 1.39, need 1.7)",559.5,0.67,,,,,2026-07-27T19:24:11,
2026-07-21,MBAPL.NS,METALS,143.75,0.0,66.3,37.09,DE_TOO_HIGH(1.57>1.50),163.95,14.05,,,,,2026-07-27T19:24:13,
2026-07-21,MANAPPURAM.NS,FINANCE,351.75,33002.0,76.9,62.120000000000005,ROE_TOO_LOW(7.0%<10%),359.85,2.3,,,,,2026-07-27T19:24:03,
2026-07-21,LODHA.NS,REALTY,1198.95,119731.0,59.6,69.59,"CONF_FAIL(got 69.6, need 70) | TQ_FAIL(got 59.6, need 68) | SECTOR_RANK_TOO_LOW(rank=22>top6)",1198.7,-0.02,,,,,2026-07-27T19:23:45,
2026-07-21,LENSKART.NS,HEALTHCARE,549.05,95500.0,80.0,61.400000000000006,ROE_TOO_LOW(6.9%<10%),572.0,4.18,,,,,2026-07-27T19:24:04,
2026-07-21,LANDMARK.NS,CONSUMER,532.2,2203.0,59.5,49.96,ROE_TOO_LOW(6.9%<10%),538.5,1.18,,,,,2026-07-27T19:24:07,
2026-07-21,KARURVYSYA.NS,FINANCE,340.3,0.0,75.9,30.994999999999997,"CONF_FAIL(got 31.0, need 70) | RR_FAIL(got 1.45, need 1.7) | SECTOR_RANK_TOO_LOW(rank=10>top6)",339.65,-0.19,,,,,2026-07-27T19:24:18,
2026-07-21,KALYANKJIL.NS,CONSUMER,577.0,59589.0,56.5,50.795,"CONF_FAIL(got 50.8, need 70) | TQ_FAIL(got 56.5, need 68) | RR_FAIL(got 1.56, need 1.7)",564.6,-2.15,,,,,2026-07-27T19:24:06,
2026-07-21,KABRAEXTRU.NS,CAPITAL_GOODS,359.3,1257.0,57.9,34.68,"CONF_FAIL(got 34.7, need 70) | TQ_FAIL(got 57.9, need 68) | RR_FAIL(got 1.67, need 1.7)",404.8,12.66,,,,,2026-07-27T19:24:16,
2026-07-21,JUBLINGREA.NS,METALS,763.8,12169.0,76.5,50.31,ROE_TOO_LOW(9.5%<10%),744.1,-2.58,,,,,2026-07-27T19:24:07,
2026-07-21,JSFB.NS,FINANCE,561.6,0.0,72.1,72.79,"RR_FAIL(got 1.45, need 1.7) | SECTOR_RANK_TOO_LOW(rank=10>top6)",537.25,-4.34,,,,,2026-07-27T19:23:42,
2026-07-21,ITDC.NS,CONSUMER,757.4,6489.0,65.3,40.01,"CONF_FAIL(got 40.0, need 70) | TQ_FAIL(got 65.3, need 68) | SECTOR_RANK_TOO_LOW(rank=8>top6)",735.15,-2.94,,,,,2026-07-27T19:24:12,
2026-07-21,IRISDOREME.NS,CONSUMER,46.03,0.0,64.3,73.61,"TQ_FAIL(got 64.3, need 68) | SECTOR_RANK_TOO_LOW(rank=8>top6)",48.29,4.91,,,,,2026-07-27T19:23:41,
2026-07-21,INDUSINDBK.NS,BANKING,1063.45,82849.0,77.1,72.01,ROE_TOO_LOW(1.4%<10%),1006.65,-5.34,,,,,2026-07-27T19:23:43,
2026-07-21,INDSWFTLAB.NS,PHARMA,237.6,2063.0,56.7,67.89,ROE_TOO_LOW(3.9%<10%),239.91,0.97,,,,,2026-07-27T19:23:49,
2026-07-21,INDIAGLYCO.NS,METALS,1153.95,7735.0,64.3,46.97,"CONF_FAIL(got 47.0, need 70) | TQ_FAIL(got 64.3, need 68) | RR_FAIL(got 1.60, need 1.7)",1184.45,2.64,,,,,2026-07-27T19:24:11,
2026-07-21,IIFL.NS,FINANCE,571.8,24336.0,72.5,67.49,"CONF_FAIL(got 67.5, need 70) | RR_FAIL(got 1.43, need 1.7) | SECTOR_RANK_TOO_LOW(rank=10>top6)",573.2,0.24,,,,,2026-07-27T19:23:51,
2026-07-21,HUHTAMAKI.NS,CONSUMER,264.19,1996.0,62.0,35.965,"CONF_FAIL(got 36.0, need 70) | TQ_FAIL(got 62.0, need 68) | RR_FAIL(got 1.43, need 1.7)",312.61,18.33,,,,,2026-07-27T19:24:14,
2026-07-21,HOMEFIRST.NS,FINANCE,1280.1,0.0,67.7,58.33,"CONF_FAIL(got 58.3, need 70) | TQ_FAIL(got 67.7, need 68) | RR_FAIL(got 1.64, need 1.7)",1182.5,-7.62,,,,,2026-07-27T19:24:05,
2026-07-21,HLEGLAS.NS,CAPITAL_GOODS,437.9,3042.0,61.6,68.75,"CONF_FAIL(got 68.8, need 70) | TQ_FAIL(got 61.6, need 68) | SECTOR_RANK_TOO_LOW(rank=12>top6)",418.95,-4.33,,,,,2026-07-27T19:23:47,
2026-07-21,HIRECT.NS,CAPITAL_GOODS,1308.6,4502.0,58.1,69.04,"CONF_FAIL(got 69.0, need 70) | TQ_FAIL(got 58.1, need 68) | RR_FAIL(got 1.54, need 1.7)",1332.3,1.81,,,,,2026-07-27T19:23:46,
2026-07-21,GODREJPROP.NS,REALTY,2164.3,65310.0,64.6,64.66,ROE_TOO_LOW(8.8%<10%),2078.8,-3.95,,,,,2026-07-27T19:23:59,
2026-07-21,GODREJIND.NS,CAPITAL_GOODS,1380.5,46514.0,57.2,67.3,DE_TOO_HIGH(2.22>1.50),1332.9,-3.45,,,,,2026-07-27T19:23:52,
2026-07-21,GHCLTEXTIL.NS,CONSUMER,117.25,0.0,69.6,34.98,ROE_TOO_LOW(4.8%<10%),116.15,-0.94,,,,,2026-07-27T19:24:14,
2026-07-21,GAUDIUMIVF.NS,HEALTHCARE,155.41,1126.0,58.5,62.22,"CONF_FAIL(got 62.2, need 70) | TQ_FAIL(got 58.5, need 68) | RR_FAIL(got 1.42, need 1.7)",148.87,-4.21,,,,,2026-07-27T19:24:03,
2026-07-21,GANECOS.NS,CONSUMER,1237.95,3314.0,66.3,68.61,ROE_TOO_LOW(3.1%<10%),1212.1,-2.09,,,,,2026-07-27T19:23:48,
2026-07-21,GANDHAR.NS,ENERGY,227.17,2221.0,53.9,39.17,"CONF_FAIL(got 39.2, need 70) | TQ_FAIL(got 53.9, need 68) | RR_FAIL(got 1.44, need 1.7)",245.47,8.06,,,,,2026-07-27T19:24:12,
2026-07-21,GABRIEL.NS,CONSUMER,1488.5,21366.0,72.1,36.635,"CONF_FAIL(got 36.6, need 70) | RR_FAIL(got 1.45, need 1.7) | SECTOR_RANK_TOO_LOW(rank=8>top6)",1437.8,-3.41,,,,,2026-07-27T19:24:14,
2026-07-21,FIVESTAR.NS,FINANCE,564.4,16660.0,65.1,64.72,"CONF_FAIL(got 64.7, need 70) | TQ_FAIL(got 65.1, need 68) | SECTOR_RANK_TOO_LOW(rank=10>top6)",540.25,-4.28,,,,,2026-07-27T19:23:59,
2026-07-21,FILATEX.NS,CONSUMER,71.3,3152.0,49.9,48.19,"CONF_FAIL(got 48.2, need 70) | TQ_FAIL(got 49.9, need 68) | SECTOR_RANK_TOO_LOW(rank=8>top6)",74.64,4.68,,,,,2026-07-27T19:24:10,
2026-07-21,FEDDERSHOL.NS,DIVERSIFIED,51.86,1044.0,52.1,68.43,"CONF_FAIL(got 68.4, need 70) | TQ_FAIL(got 52.1, need 68) | SECTOR_RANK_TOO_LOW(rank=15>top6)",44.64,-13.92,,,,,2026-07-27T19:23:49,
2026-07-21,EXIDEIND.NS,CONSUMER,443.45,37706.0,75.7,76.61,ROE_TOO_LOW(6.0%<10%),427.0,-3.71,,,,,2026-07-27T19:23:40,
2026-07-21,EMCURE.NS,PHARMA,1924.5,36514.0,73.8,66.07,"CONF_FAIL(got 66.1, need 70) | RR_FAIL(got 1.40, need 1.7) | SECTOR_RANK_TOO_LOW(rank=11>top6)",1924.8,0.02,,,,,2026-07-27T19:23:56,
2026-07-21,DYCL.NS,CAPITAL_GOODS,434.6,0.0,64.5,32.45,"CONF_FAIL(got 32.5, need 70) | TQ_FAIL(got 64.5, need 68) | RR_FAIL(got 1.69, need 1.7)",414.9,-4.53,,,,,2026-07-27T19:24:18,
2026-07-21,DPABHUSHAN.NS,CONSUMER,1472.0,3360.0,59.1,37.55,"CONF_FAIL(got 37.5, need 70) | TQ_FAIL(got 59.1, need 68) | RR_FAIL(got 1.66, need 1.7)",1412.35,-4.05,,,,,2026-07-27T19:24:13,
2026-07-21,DIXON.NS,IT,14118.0,86327.0,64.2,36.42,"CONF_FAIL(got 36.4, need 70) | TQ_FAIL(got 64.2, need 68) | RR_FAIL(got 1.67, need 1.7)",13810.0,-2.18,,,,,2026-07-27T19:24:14,
2026-07-21,DIACABS.NS,CAPITAL_GOODS,269.07,14162.0,61.9,63.17,"CONF_FAIL(got 63.2, need 70) | TQ_FAIL(got 61.9, need 68) | RR_FAIL(got 1.58, need 1.7)",307.17,14.16,,,,,2026-07-27T19:24:01,
2026-07-21,DENTA.NS,CAPITAL_GOODS,347.75,928.0,70.7,64.505,"CONF_FAIL(got 64.5, need 70) | SECTOR_RANK_TOO_LOW(rank=12>top6)",333.85,-4.0,,,,,2026-07-27T19:24:00,
2026-07-21,CYIENTDLM.NS,CAPITAL_GOODS,623.0,4944.0,51.0,47.74,ROE_TOO_LOW(7.5%<10%),665.05,6.75,,,,,2026-07-27T19:24:11,
2026-07-21,CUB.NS,FINANCE,229.83,22774.0,79.5,33.97,"CONF_FAIL(got 34.0, need 70) | SECTOR_RANK_TOO_LOW(rank=10>top6)",221.45,-3.65,,,,,2026-07-27T19:24:17,
2026-07-21,CREDITACC.NS,FINANCE,1534.7,24603.0,63.5,65.95,"CONF_FAIL(got 66.0, need 70) | TQ_FAIL(got 63.5, need 68) | SECTOR_RANK_TOO_LOW(rank=10>top6)",1591.1,3.67,,,,,2026-07-27T19:23:57,
2026-07-21,CNL.NS,IT,948.75,1427.0,59.0,67.84,"CONF_FAIL(got 67.8, need 70) | TQ_FAIL(got 59.0, need 68) | SECTOR_RANK_TOO_LOW(rank=19>top6)",1019.9,7.5,,,,,2026-07-27T19:23:49,
2026-07-21,CEMPRO.NS,CAPITAL_GOODS,1639.6,28190.0,51.3,71.83,"TQ_FAIL(got 51.3, need 68) | RR_FAIL(got 1.55, need 1.7) | SECTOR_RANK_TOO_LOW(rank=12>top6)",1369.0,-16.5,,,,,2026-07-27T19:23:44,
2026-07-21,CANHLIFE.NS,FINANCE,154.61,0.0,75.8,28.159999999999997,ROE_TOO_LOW(8.1%<10%),145.01,-6.21,,,,,2026-07-27T19:24:18,
2026-07-21,BEPL.NS,METALS,123.44,3070.0,61.7,69.36999999999999,"CONF_FAIL(got 69.4, need 70) | TQ_FAIL(got 61.7, need 68) | RR_FAIL(got 1.55, need 1.7)",114.51,-7.23,,,,,2026-07-27T19:23:46,
2026-07-21,BALRAMCHIN.NS,FMCG,617.85,13052.0,78.1,50.77,ROE_TOO_LOW(9.5%<10%),611.65,-1.0,,,,,2026-07-27T19:24:06,
2026-07-21,BAJFINANCE.NS,FINANCE,1069.2,665710.0,70.7,66.59,"CONF_FAIL(got 66.6, need 70) | RR_FAIL(got 1.41, need 1.7) | SECTOR_RANK_TOO_LOW(rank=10>top6)",1048.3,-1.95,,,,,2026-07-27T19:23:54,
2026-07-21,BAJAJHCARE.NS,HEALTHCARE,369.35,0.0,63.5,67.82,"CONF_FAIL(got 67.8, need 70) | TQ_FAIL(got 63.5, need 68) | RR_FAIL(got 1.59, need 1.7)",319.65,-13.46,,,,,2026-07-27T19:23:50,
2026-07-21,AYE.NS,FINANCE,189.13,4673.0,70.8,63.25,ROE_TOO_LOW(9.2%<10%),166.81,-11.8,,,,,2026-07-27T19:24:01,
2026-07-21,ATHERENERG.NS,CONSUMER,1288.4,0.0,59.2,63.08,"CONF_FAIL(got 63.1, need 70) | TQ_FAIL(got 59.2, need 68) | RR_FAIL(got 1.59, need 1.7)",1214.9,-5.7,,,,,2026-07-27T19:24:02,
2026-07-21,APTUS.NS,FINANCE,301.05,15076.0,72.4,66.5,"CONF_FAIL(got 66.5, need 70) | RR_FAIL(got 1.40, need 1.7) | SECTOR_RANK_TOO_LOW(rank=10>top6)",279.05,-7.31,,,,,2026-07-27T19:23:54,
2026-07-21,ANANTRAJ.NS,REALTY,608.85,21918.0,76.8,50.51,"CONF_FAIL(got 50.5, need 70) | RR_FAIL(got 1.45, need 1.7) | SECTOR_RANK_TOO_LOW(rank=22>top6)",616.9,1.32,,,,,2026-07-27T19:24:06,
2026-07-21,ALGOQUANT.NS,DIVERSIFIED,65.15,1831.0,66.6,69.13499999999999,"CONF_FAIL(got 69.1, need 70) | TQ_FAIL(got 66.6, need 68) | RR_FAIL(got 1.39, need 1.7)",69.3,6.37,,,,,2026-07-27T19:23:46,
2026-07-21,AJANTPHARM.NS,DIVERSIFIED,3575.3,44666.0,75.2,65.2,"CONF_FAIL(got 65.2, need 70) | RR_FAIL(got 1.40, need 1.7) | SECTOR_RANK_TOO_LOW(rank=15>top6)",3386.1,-5.29,,,,,2026-07-27T19:23:58,
2026-07-21,AEGISVOPAK.NS,DIVERSIFIED,288.45,31945.0,66.6,67.96,"CONF_FAIL(got 68.0, need 70) | TQ_FAIL(got 66.6, need 68) | SECTOR_RANK_TOO_LOW(rank=15>top6)",303.49,5.21,,,,,2026-07-27T19:23:49,
2026-07-21,AEGISLOG.NS,LOGISTICS,1313.5,45984.0,62.8,47.98,"CONF_FAIL(got 48.0, need 70) | TQ_FAIL(got 62.8, need 68) | SECTOR_RANK_TOO_LOW(rank=21>top6)",1291.3,-1.69,,,,,2026-07-27T19:24:10,
2026-07-21,ACUTAAS.NS,DIVERSIFIED,3677.0,30104.0,60.4,67.215,"CONF_FAIL(got 67.2, need 70) | TQ_FAIL(got 60.4, need 68) | RR_FAIL(got 1.69, need 1.7)",3367.8,-8.41,,,,,2026-07-27T19:23:53,
2026-07-21,AARTIDRUGS.NS,PHARMA,426.9,3900.0,64.0,68.94,"CONF_FAIL(got 68.9, need 70) | TQ_FAIL(got 64.0, need 68) | RR_FAIL(got 1.37, need 1.7)",410.95,-3.74,,,,,2026-07-27T19:23:47,
2026-07-20,ZYDUSWELL.NS,DIVERSIFIED,602.5,19159.0,73.2,70.58,SETUP_EDGE_SKIP(REGIME_CHOP_NO_BREAKOUT(SIDEWAYS/OTHER)),559.35,-7.16,,,,,2026-07-27T19:24:23,
2026-07-20,WANBURY.NS,DIVERSIFIED,339.9,1188.0,58.9,45.89,"CONF_FAIL(got 45.9, need 70) | TQ_FAIL(got 58.9, need 68) | RR_FAIL(got 1.57, need 1.7)",329.25,-3.13,,,,,2026-07-27T19:24:53,
2026-07-20,UNIMECH.NS,DIVERSIFIED,1274.5,6488.0,76.5,68.135,ROE_TOO_LOW(9.0%<10%),1203.2,-5.59,,,,,2026-07-27T19:24:27,
2026-07-20,TPLPLASTEH.NS,DIVERSIFIED,82.93,646.0,70.1,64.6,SETUP_EDGE_SKIP(REGIME_CHOP_NO_BREAKOUT(SIDEWAYS/OTHER)),78.34,-5.53,,,,,2026-07-27T19:24:38,
2026-07-20,TIMETECHNO.NS,IT,213.11,10519.0,71.4,51.37,"CONF_FAIL(got 51.4, need 70) | RR_FAIL(got 1.44, need 1.7) | SECTOR_RANK_TOO_LOW(rank=20>top6)",206.75,-2.98,,,,,2026-07-27T19:24:46,
2026-07-20,THANGAMAYL.NS,DIVERSIFIED,6385.5,0.0,62.6,70.94000000000001,"TQ_FAIL(got 62.6, need 68) | SECTOR_RANK_TOO_LOW(rank=15>top6)",7309.5,14.47,,,,,2026-07-27T19:24:21,
2026-07-20,TFCILTD.NS,DIVERSIFIED,82.74,3830.0,67.6,64.73,ROE_TOO_LOW(9.9%<10%),94.8,14.58,,,,,2026-07-27T19:24:37,
2026-07-20,TECHM.NS,IT,1576.4,154732.0,70.1,75.10000000000001,"RR_FAIL(got 1.44, need 1.7) | SECTOR_RANK_TOO_LOW(rank=20>top6)",1575.0,-0.09,,,,,2026-07-27T19:24:19,
2026-07-20,TBZ.NS,DIVERSIFIED,255.62,1706.0,50.2,50.2,"CONF_FAIL(got 50.2, need 70) | TQ_FAIL(got 50.2, need 68) | SECTOR_RANK_TOO_LOW(rank=15>top6)",280.22,9.62,,,,,2026-07-27T19:24:47,
2026-07-20,SUMICHEM.NS,DIVERSIFIED,540.65,27009.0,58.2,71.11,SETUP_EDGE_SKIP(REGIME_CHOP_NO_BREAKOUT(SIDEWAYS/OTHER)),538.85,-0.33,,,,,2026-07-27T19:24:21,
2026-07-20,SUMEETINDS.NS,DIVERSIFIED,35.3,2450.0,65.8,69.79,"CONF_FAIL(got 69.8, need 70) | TQ_FAIL(got 65.8, need 68) | RR_FAIL(got 1.43, need 1.7)",27.34,-22.55,,,,,2026-07-27T19:24:25,
2026-07-20,SUDARSCHEM.NS,DIVERSIFIED,1054.65,8383.0,63.7,65.36,SETUP_EDGE_SKIP(REGIME_CHOP_NO_BREAKOUT(SIDEWAYS/OTHER)),1056.35,0.16,,,,,2026-07-27T19:24:36,
2026-07-20,STYL.NS,DIVERSIFIED,373.95,6051.0,59.7,64.66,SETUP_EDGE_SKIP(REGIME_CHOP_NO_BREAKOUT(SIDEWAYS/OTHER)),359.4,-3.89,,,,,2026-07-27T19:24:38,
2026-07-20,STALLION.NS,DIVERSIFIED,217.1,0.0,61.1,68.11,ROE_TOO_LOW(8.9%<10%),255.5,17.69,,,,,2026-07-27T19:24:28,
2026-07-20,SSWL.NS,DIVERSIFIED,276.33,4334.0,66.9,45.3,"CONF_FAIL(got 45.3, need 70) | TQ_FAIL(got 66.9, need 68) | RR_FAIL(got 1.44, need 1.7)",293.95,6.38,,,,,2026-07-27T19:24:53,
2026-07-20,SONACOMS.NS,AUTO_ANCILLARY,714.55,44511.0,67.6,48.27,"CONF_FAIL(got 48.3, need 70) | TQ_FAIL(got 67.6, need 68) | RR_FAIL(got 1.42, need 1.7)",720.9,0.89,,,,,2026-07-27T19:24:49,
2026-07-20,SMCGLOBAL.NS,DIVERSIFIED,80.54,1685.0,64.2,47.41,ROE_TOO_LOW(8.1%<10%),76.31,-5.25,,,,,2026-07-27T19:24:51,
2026-07-20,SHYAMMETL.NS,DIVERSIFIED,1055.0,29461.0,75.0,68.34,ROE_TOO_LOW(9.7%<10%),1035.1,-1.89,,,,,2026-07-27T19:24:26,
2026-07-20,SHREEJISPG.NS,DIVERSIFIED,615.85,10028.0,72.2,71.77000000000001,"RR_FAIL(got 1.43, need 1.7) | SECTOR_RANK_TOO_LOW(rank=15>top6)",631.25,2.5,,,,,2026-07-27T19:24:21,
2026-07-20,SHANKARA.NS,DIVERSIFIED,138.39,336.0,64.4,66.16,SETUP_EDGE_SKIP(REGIME_CHOP_NO_BREAKOUT(SIDEWAYS/OTHER)),140.87,1.79,,,,,2026-07-27T19:24:33,
2026-07-20,SGMART.NS,DIVERSIFIED,677.85,8543.0,78.8,38.82,ROE_TOO_LOW(7.9%<10%),720.65,6.31,,,,,2026-07-27T19:24:54,
2026-07-20,SGFIN.NS,FINANCE,671.9,0.0,67.8,65.34,"CONF_FAIL(got 65.3, need 70) | TQ_FAIL(got 67.8, need 68) | SECTOR_RANK_TOO_LOW(rank=17>top6)",688.1,2.41,,,,,2026-07-27T19:24:36,
2026-07-20,SETL.NS,DIVERSIFIED,288.05,5748.0,45.9,66.88,"CONF_FAIL(got 66.9, need 70) | TQ_FAIL(got 45.9, need 68) | SECTOR_RANK_TOO_LOW(rank=15>top6)",282.8,-1.82,,,,,2026-07-27T19:24:32,
2026-07-20,SAREGAMA.NS,DIVERSIFIED,514.15,9914.0,77.2,67.58,"CONF_FAIL(got 67.6, need 70) | RR_FAIL(got 1.43, need 1.7) | SECTOR_RANK_TOO_LOW(rank=15>top6)",514.85,0.14,,,,,2026-07-27T19:24:30,
2026-07-20,SANSERA.NS,DIVERSIFIED,3335.2,20809.0,75.0,66.89,SETUP_EDGE_SKIP(REGIME_CHOP_NO_BREAKOUT(SIDEWAYS/OTHER)),3273.0,-1.86,,,,,2026-07-27T19:24:31,
2026-07-20,SAKAR.NS,DIVERSIFIED,898.8,2000.0,66.8,68.34,ROE_TOO_LOW(10.0%<10%),830.0,-7.65,,,,,2026-07-27T19:24:26,
2026-07-20,ROLEXRINGS.NS,DIVERSIFIED,155.25,0.0,66.8,70.87,"TQ_FAIL(got 66.8, need 68) | RR_FAIL(got 1.42, need 1.7) | SECTOR_RANK_TOO_LOW(rank=15>top6)",137.92,-11.16,,,,,2026-07-27T19:24:23,
2026-07-20,PREMIERPOL.NS,DIVERSIFIED,73.99,0.0,63.7,50.02,"CONF_FAIL(got 50.0, need 70) | TQ_FAIL(got 63.7, need 68) | SECTOR_RANK_TOO_LOW(rank=15>top6)",74.48,0.66,,,,,2026-07-27T19:24:48,
2026-07-20,PLASTIBLEN.NS,DIVERSIFIED,199.86,0.0,68.8,52.6,"CONF_FAIL(got 52.6, need 70) | RR_FAIL(got 1.38, need 1.7) | SECTOR_RANK_TOO_LOW(rank=15>top6)",191.08,-4.39,,,,,2026-07-27T19:24:46,
2026-07-20,PICCADIL.NS,DIVERSIFIED,751.6,7409.0,61.3,48.1,"CONF_FAIL(got 48.1, need 70) | TQ_FAIL(got 61.3, need 68) | RR_FAIL(got 1.43, need 1.7)",757.05,0.73,,,,,2026-07-27T19:24:50,
2026-07-20,PGIL.NS,TEXTILES,2094.7,9660.0,73.9,65.545,"CONF_FAIL(got 65.5, need 70) | SECTOR_RANK_TOO_LOW(rank=21>top6)",2016.6,-3.73,,,,,2026-07-27T19:24:34,
2026-07-20,PGEL.NS,DIVERSIFIED,620.9,17773.0,73.0,68.17,ROE_TOO_LOW(6.7%<10%),579.7,-6.64,,,,,2026-07-27T19:24:27,
2026-07-20,ORIENTHOT.NS,DIVERSIFIED,143.68,2567.0,70.6,69.85,ROE_TOO_LOW(9.5%<10%),137.35,-4.41,,,,,2026-07-27T19:24:24,
2026-07-20,OPTIEMUS.NS,DIVERSIFIED,607.0,5393.0,57.9,63.650000000000006,ROE_TOO_LOW(9.2%<10%),610.45,0.57,,,,,2026-07-27T19:24:44,
2026-07-20,OMAXE.NS,DIVERSIFIED,92.57,1697.0,63.2,49.45,SETUP_EDGE_SKIP(REGIME_CHOP_NO_BREAKOUT(SIDEWAYS/OTHER)),89.95,-2.83,,,,,2026-07-27T19:24:48,
2026-07-20,NUVOCO.NS,DIVERSIFIED,345.9,12359.0,64.1,70.965,ROE_TOO_LOW(4.0%<10%),351.15,1.52,,,,,2026-07-27T19:24:21,
2026-07-20,NILKAMAL.NS,DIVERSIFIED,1476.4,2202.0,67.5,48.24,ROE_TOO_LOW(8.2%<10%),1775.2,20.24,,,,,2026-07-27T19:24:49,
2026-07-20,NEOGEN.NS,DIVERSIFIED,2182.6,5954.0,64.5,65.19,SETUP_EDGE_SKIP(REGIME_CHOP_NO_BREAKOUT(SIDEWAYS/OTHER)),2064.1,-5.43,,,,,2026-07-27T19:24:36,
2026-07-20,NARMADA.NS,PHARMA,38.75,0.0,67.2,65.85,ROE_TOO_LOW(6.7%<10%),32.98,-14.89,,,,,2026-07-27T19:24:33,
2026-07-20,MUTHOOTMF.NS,DIVERSIFIED,253.29,0.0,66.2,63.989999999999995,ROE_TOO_LOW(6.2%<10%),255.03,0.69,,,,,2026-07-27T19:24:42,
2026-07-20,MMFL.NS,CAPITAL_GOODS,533.7,2581.0,66.8,46.305,"CONF_FAIL(got 46.3, need 70) | TQ_FAIL(got 66.8, need 68) | SECTOR_RANK_TOO_LOW(rank=16>top6)",559.5,4.83,,,,,2026-07-27T19:24:53,
2026-07-20,MIRZAINT.NS,CONSUMER,38.12,527.0,68.6,64.865,SETUP_EDGE_SKIP(REGIME_CHOP_NO_BREAKOUT(SIDEWAYS/OTHER)),35.14,-7.82,,,,,2026-07-27T19:24:37,
2026-07-20,MBAPL.NS,METALS,145.55,0.0,73.2,51.2,DE_TOO_HIGH(1.57>1.50),163.95,12.64,,,,,2026-07-27T19:24:46,
2026-07-20,MANKIND.NS,HEALTHCARE,2565.8,105658.0,77.6,66.31,"CONF_FAIL(got 66.3, need 70) | SECTOR_RANK_TOO_LOW(rank=12>top6)",2551.6,-0.55,,,,,2026-07-27T19:24:33,
2026-07-20,MANAKCOAT.NS,CAPITAL_GOODS,128.34,1369.0,66.4,65.03,SETUP_EDGE_SKIP(REGIME_CHOP_NO_BREAKOUT(SIDEWAYS/OTHER)),126.11,-1.74,,,,,2026-07-27T19:24:36,
2026-07-20,MAHLOG.NS,CAPITAL_GOODS,393.05,3881.0,82.4,68.865,ROE_TOO_LOW(0.3%<10%),419.1,6.63,,,,,2026-07-27T19:24:26,
2026-07-20,LXCHEM.NS,METALS,176.55,4893.0,79.2,51.16,ROE_TOO_LOW(4.1%<10%),193.05,9.35,,,,,2026-07-27T19:24:47,
2026-07-20,LLOYDSENT.NS,METALS,82.23,12541.0,76.5,46.97,ROE_TOO_LOW(0.3%<10%),81.64,-0.72,,,,,2026-07-27T19:24:52,
2026-07-20,KRISHANA.NS,BUILDING_MAT,145.3,0.0,63.6,69.36,"CONF_FAIL(got 69.4, need 70) | TQ_FAIL(got 63.6, need 68) | SECTOR_RANK_TOO_LOW(rank=18>top6)",167.65,15.38,,,,,2026-07-27T19:24:25,
2026-07-20,JUSTDIAL.NS,TELECOM,747.35,6347.0,54.0,55.605,ROE_TOO_LOW(3.6%<10%),718.7,-3.83,,,,,2026-07-27T19:24:46,
2026-07-20,JUBLINGREA.NS,METALS,736.85,11720.0,65.6,63.61,SETUP_EDGE_SKIP(REGIME_CHOP_NO_BREAKOUT(SIDEWAYS/OTHER)),744.1,0.98,,,,,2026-07-27T19:24:44,
2026-07-20,JSFB.NS,FINANCE,531.6,0.0,76.5,47.61,"CONF_FAIL(got 47.6, need 70) | RR_FAIL(got 1.45, need 1.7) | SECTOR_RANK_TOO_LOW(rank=17>top6)",537.25,1.06,,,,,2026-07-27T19:24:51,
2026-07-20,ITDC.NS,CONSUMER,773.9,6642.0,72.9,41.655,"CONF_FAIL(got 41.7, need 70) | SECTOR_RANK_TOO_LOW(rank=8>top6)",735.15,-5.01,,,,,2026-07-27T19:24:53,
2026-07-20,IPCALAB.NS,PHARMA,1838.6,46544.0,68.6,64.21,SETUP_EDGE_SKIP(REGIME_CHOP_NO_BREAKOUT(SIDEWAYS/OTHER)),1777.6,-3.32,,,,,2026-07-27T19:24:41,
2026-07-20,INOXINDIA.NS,CAPITAL_GOODS,2003.4,18205.0,77.0,64.29,"CONF_FAIL(got 64.3, need 70) | SECTOR_RANK_TOO_LOW(rank=16>top6)",1985.9,-0.87,,,,,2026-07-27T19:24:40,
2026-07-20,INDUSINDBK.NS,BANKING,1032.85,80473.0,75.2,63.709999999999994,SETUP_EDGE_SKIP(REGIME_CHOP_NO_BREAKOUT(SIDEWAYS/OTHER)),1006.65,-2.54,,,,,2026-07-27T19:24:43,
2026-07-20,INDOBORAX.NS,CHEMICALS,481.05,1548.0,59.1,62.09,SETUP_EDGE_SKIP(REGIME_CHOP_NO_BREAKOUT(SIDEWAYS/OTHER)),406.6,-15.48,,,,,2026-07-27T19:24:45,
2026-07-20,IKIO.NS,IT,214.37,1661.0,61.3,50.895,ROE_TOO_LOW(7.1%<10%),207.98,-2.98,,,,,2026-07-27T19:24:47,
2026-07-20,HSCL.NS,METALS,769.9,38837.0,67.0,50.3,"CONF_FAIL(got 50.3, need 70) | TQ_FAIL(got 67.0, need 68) | RR_FAIL(got 1.44, need 1.7)",790.45,2.67,,,,,2026-07-27T19:24:47,
2026-07-20,HLEGLAS.NS,CAPITAL_GOODS,419.0,2913.0,68.6,64.09,"CONF_FAIL(got 64.1, need 70) | SECTOR_RANK_TOO_LOW(rank=16>top6)",418.95,-0.01,,,,,2026-07-27T19:24:42,
2026-07-20,HIRECT.NS,CAPITAL_GOODS,1252.1,4309.0,55.7,69.48,"CONF_FAIL(got 69.5, need 70) | TQ_FAIL(got 55.7, need 68) | RR_FAIL(got 1.57, need 1.7)",1332.3,6.41,,,,,2026-07-27T19:24:25,
2026-07-20,GCSL.NS,FINANCE,519.4,1251.0,59.4,62.97,SETUP_EDGE_SKIP(REGIME_CHOP_NO_BREAKOUT(SIDEWAYS/OTHER)),531.1,2.25,,,,,2026-07-27T19:24:45,
2026-07-20,GAUDIUMIVF.NS,HEALTHCARE,148.02,1079.0,62.0,52.34,"CONF_FAIL(got 52.3, need 70) | TQ_FAIL(got 62.0, need 68) | RR_FAIL(got 1.40, need 1.7)",148.87,0.57,,,,,2026-07-27T19:24:46,
2026-07-20,GANECOS.NS,CONSUMER,1192.1,3194.0,65.7,67.92,ROE_TOO_LOW(3.1%<10%),1212.1,1.68,,,,,2026-07-27T19:24:28,
2026-07-20,GANDHAR.NS,ENERGY,228.32,2236.0,61.4,39.45,"CONF_FAIL(got 39.5, need 70) | TQ_FAIL(got 61.4, need 68) | RR_FAIL(got 1.43, need 1.7)",245.47,7.51,,,,,2026-07-27T19:24:54,
2026-07-20,FIVESTAR.NS,FINANCE,570.5,16851.0,61.6,64.21,"CONF_FAIL(got 64.2, need 70) | TQ_FAIL(got 61.6, need 68) | SECTOR_RANK_TOO_LOW(rank=17>top6)",540.25,-5.3,,,,,2026-07-27T19:24:41,
2026-07-20,FILATEX.NS,CONSUMER,72.47,3219.0,55.9,48.835,"CONF_FAIL(got 48.8, need 70) | TQ_FAIL(got 55.9, need 68) | SECTOR_RANK_TOO_LOW(rank=8>top6)",74.64,2.99,,,,,2026-07-27T19:24:49,
2026-07-20,FEDDERSHOL.NS,DIVERSIFIED,48.36,972.0,61.9,68.48,"CONF_FAIL(got 68.5, need 70) | TQ_FAIL(got 61.9, need 68) | SECTOR_RANK_TOO_LOW(rank=15>top6)",44.64,-7.69,,,,,2026-07-27T19:24:26,
2026-07-20,EXIDEIND.NS,CONSUMER,436.65,37128.0,73.4,74.97,ROE_TOO_LOW(6.0%<10%),427.0,-2.21,,,,,2026-07-27T19:24:19,
2026-07-20,ECLERX.NS,IT,1877.5,17654.0,60.2,64.98,"CONF_FAIL(got 65.0, need 70) | TQ_FAIL(got 60.2, need 68) | RR_FAIL(got 1.55, need 1.7)",1811.7,-3.5,,,,,2026-07-27T19:24:37,
2026-07-20,DPABHUSHAN.NS,CONSUMER,1434.35,3279.0,61.2,65.73,"CONF_FAIL(got 65.7, need 70) | TQ_FAIL(got 61.2, need 68) | RR_FAIL(got 1.59, need 1.7)",1412.35,-1.53,,,,,2026-07-27T19:24:33,
2026-07-20,DIXON.NS,IT,14589.0,89058.0,64.9,69.63,"CONF_FAIL(got 69.6, need 70) | TQ_FAIL(got 64.9, need 68) | RR_FAIL(got 1.44, need 1.7)",13810.0,-5.34,,,,,2026-07-27T19:24:25,
2026-07-20,DIACABS.NS,CAPITAL_GOODS,244.61,12875.0,63.1,48.85,"CONF_FAIL(got 48.9, need 70) | TQ_FAIL(got 63.1, need 68) | SECTOR_RANK_TOO_LOW(rank=16>top6)",307.17,25.58,,,,,2026-07-27T19:24:48,
2026-07-20,CYIENTDLM.NS,CAPITAL_GOODS,596.05,4733.0,51.1,48.7,ROE_TOO_LOW(7.5%<10%),665.05,11.58,,,,,2026-07-27T19:24:49,
2026-07-20,CEMPRO.NS,CAPITAL_GOODS,1627.0,28118.0,54.9,75.41,"TQ_FAIL(got 54.9, need 68) | RR_FAIL(got 1.66, need 1.7) | SECTOR_RANK_TOO_LOW(rank=16>top6)",1369.0,-15.86,,,,,2026-07-27T19:24:19,
2026-07-20,BLUESTONE.NS,CONSUMER,610.4,9294.0,79.3,38.82,ROE_TOO_LOW(1.1%<10%),820.75,34.46,,,,,2026-07-27T19:24:55,
2026-07-20,BLSE.NS,CAPITAL_GOODS,272.86,2482.0,61.7,73.16,"TQ_FAIL(got 61.7, need 68) | SECTOR_RANK_TOO_LOW(rank=16>top6)",288.32,5.67,,,,,2026-07-27T19:24:20,
2026-07-20,BALRAMCHIN.NS,FMCG,600.05,12685.0,67.1,64.55,ROE_TOO_LOW(9.5%<10%),611.65,1.93,,,,,2026-07-27T19:24:39,
2026-07-20,BAJFINANCE.NS,FINANCE,1064.0,662818.0,71.9,67.15,"CONF_FAIL(got 67.2, need 70) | RR_FAIL(got 1.43, need 1.7) | SECTOR_RANK_TOO_LOW(rank=17>top6)",1048.3,-1.48,,,,,2026-07-27T19:24:30,
2026-07-20,BAJAJHCARE.NS,HEALTHCARE,386.55,0.0,66.9,67.73,ROE_TOO_LOW(4.3%<10%),319.65,-17.31,,,,,2026-07-27T19:24:30,
2026-07-20,AURUM.NS,DIVERSIFIED,234.8,1691.0,70.2,65.54,SETUP_EDGE_SKIP(REGIME_CHOP_NO_BREAKOUT(SIDEWAYS/OTHER)),229.68,-2.18,,,,,2026-07-27T19:24:35,
2026-07-20,ATHERENERG.NS,CONSUMER,1296.7,0.0,60.1,48.51,"CONF_FAIL(got 48.5, need 70) | TQ_FAIL(got 60.1, need 68) | RR_FAIL(got 1.45, need 1.7)",1214.9,-6.31,,,,,2026-07-27T19:24:49,
2026-07-20,APTUS.NS,FINANCE,305.45,15324.0,66.2,69.21,"CONF_FAIL(got 69.2, need 70) | TQ_FAIL(got 66.2, need 68) | RR_FAIL(got 1.40, need 1.7)",279.05,-8.64,,,,,2026-07-27T19:24:25,
2026-07-20,ANTELOPUS.NS,ENERGY,861.8,0.0,68.7,64.34,SETUP_EDGE_SKIP(REGIME_CHOP_NO_BREAKOUT(SIDEWAYS/OTHER)),875.55,1.6,,,,,2026-07-27T19:24:39,
2026-07-20,ANANTRAJ.NS,REALTY,600.8,21645.0,77.5,45.58,SETUP_EDGE_SKIP(REGIME_CHOP_NO_BREAKOUT(SIDEWAYS/OTHER)),616.9,2.68,,,,,2026-07-27T19:24:53,
2026-07-20,AMAGI.NS,IT,593.2,12845.0,59.8,65.55,SETUP_EDGE_SKIP(REGIME_CHOP_NO_BREAKOUT(SIDEWAYS/OTHER)),625.05,5.37,,,,,2026-07-27T19:24:34,
2026-07-20,ALGOQUANT.NS,FINANCE,64.34,1805.0,64.1,65.385,"CONF_FAIL(got 65.4, need 70) | TQ_FAIL(got 64.1, need 68) | RR_FAIL(got 1.39, need 1.7)",69.3,7.71,,,,,2026-07-27T19:24:35,
2026-07-20,20MICRONS.NS,CHEMICALS,206.27,729.0,61.9,70.47,"TQ_FAIL(got 61.9, need 68) | SECTOR_RANK_TOO_LOW(rank=13>top6)",204.0,-1.1,,,,,2026-07-27T19:24:24,
2026-07-17,WELENT.NS,DIVERSIFIED,626.3,8674.0,76.2,72.89,SETUP_EDGE_SKIP(REGIME_CHOP_NO_BREAKOUT(TRANSITION/OTHER)),605.05,-3.39,,,,,2026-07-22T19:23:35,
2026-07-17,WANBURY.NS,DIVERSIFIED,332.2,1160.0,62.4,26.57,"CONF_FAIL(got 26.6, need 83) | TQ_FAIL(got 62.4, need 73) | RR_FAIL(got 1.58, need 2.0)",330.65,-0.47,,,,,2026-07-22T19:24:09,
2026-07-17,UNIMECH.NS,DIVERSIFIED,1282.8,6514.0,60.4,60.64,ROE_TOO_LOW(9.0%<10%),1235.8,-3.66,,,,,2026-07-22T19:23:51,
2026-07-17,TTKPRESTIG.NS,DIVERSIFIED,672.5,9215.0,57.8,76.14,ROE_TOO_LOW(9.0%<10%),657.1,-2.29,,,,,2026-07-22T19:23:34,
2026-07-17,TRIVENI.NS,DIVERSIFIED,472.15,10409.0,72.7,66.68,ROE_TOO_LOW(8.7%<10%),275.5,-41.65,,,,,2026-07-22T19:23:39,
2026-07-17,TIMETECHNO.NS,IT,204.03,10069.0,72.6,45.42,"CONF_FAIL(got 45.4, need 83) | TQ_FAIL(got 72.6, need 73) | RR_FAIL(got 1.44, need 2.0)",203.1,-0.46,,,,,2026-07-22T19:23:57,
2026-07-17,TFCILTD.NS,DIVERSIFIED,85.03,3937.0,63.1,65.93,ROE_TOO_LOW(9.9%<10%),81.81,-3.79,,,,,2026-07-22T19:23:41,
2026-07-17,TECHM.NS,IT,1572.9,154046.0,72.0,42.44,"CONF_FAIL(got 42.4, need 83) | TQ_FAIL(got 72.0, need 73) | RR_FAIL(got 1.44, need 2.0)",1560.6,-0.78,,,,,2026-07-22T19:24:01,
2026-07-17,TCIEXP.NS,DIVERSIFIED,580.4,2226.0,63.7,62.49000000000001,"CONF_FAIL(got 62.5, need 83) | TQ_FAIL(got 63.7, need 73) | RR_FAIL(got 1.43, need 2.0)",580.7,0.05,,,,,2026-07-22T19:23:48,
2026-07-17,TBZ.NS,DIVERSIFIED,258.13,1719.0,48.3,46.31,"CONF_FAIL(got 46.3, need 83) | TQ_FAIL(got 48.3, need 73) | RR_FAIL(got 1.94, need 2.0)",264.37,2.42,,,,,2026-07-22T19:23:55,
2026-07-17,TANLA.NS,DIVERSIFIED,584.55,7751.0,65.6,30.479999999999997,"CONF_FAIL(got 30.5, need 83) | TQ_FAIL(got 65.6, need 73) | RR_FAIL(got 1.42, need 2.0)",561.6,-3.93,,,,,2026-07-22T19:24:05,
2026-07-17,SUMICHEM.NS,DIVERSIFIED,538.55,26869.0,56.7,74.24,"CONF_FAIL(got 74.2, need 83) | TQ_FAIL(got 56.7, need 73) | RR_FAIL(got 1.45, need 2.0)",531.2,-1.36,,,,,2026-07-22T19:23:35,
2026-07-17,SUMEETINDS.NS,DIVERSIFIED,33.98,2357.0,62.5,62.89,"CONF_FAIL(got 62.9, need 83) | TQ_FAIL(got 62.5, need 73) | RR_FAIL(got 1.42, need 2.0)",31.87,-6.21,,,,,2026-07-22T19:23:47,
2026-07-17,SUDARSCHEM.NS,DIVERSIFIED,1037.65,8289.0,61.2,44.86,ROE_TOO_LOW(0.5%<10%),1030.4,-0.7,,,,,2026-07-22T19:23:57,
2026-07-17,STYL.NS,DIVERSIFIED,399.95,6467.0,53.2,32.96,"CONF_FAIL(got 33.0, need 83) | TQ_FAIL(got 53.2, need 73) | RR_FAIL(got 1.43, need 2.0)",389.25,-2.68,,,,,2026-07-22T19:24:04,
2026-07-17,STALLION.NS,DIVERSIFIED,214.76,0.0,57.7,29.560000000000002,ROE_TOO_LOW(8.9%<10%),250.63,16.7,,,,,2026-07-22T19:24:06,
2026-07-17,SSWL.NS,DIVERSIFIED,266.21,4187.0,70.2,70.68,"CONF_FAIL(got 70.7, need 83) | TQ_FAIL(got 70.2, need 73) | RR_FAIL(got 1.50, need 2.0)",279.69,5.06,,,,,2026-07-22T19:23:35,
2026-07-17,SPORTKING.NS,DIVERSIFIED,197.21,0.0,61.8,64.01,"CONF_FAIL(got 64.0, need 83) | TQ_FAIL(got 61.8, need 73) | RR_FAIL(got 1.40, need 2.0)",200.92,1.88,,,,,2026-07-22T19:23:44,
2026-07-17,SPMLINFRA.NS,INFRA,205.8,1733.0,63.1,63.870000000000005,ROE_TOO_LOW(8.7%<10%),201.53,-2.07,,,,,2026-07-22T19:23:46,
2026-07-17,SONACOMS.NS,AUTO_ANCILLARY,704.85,43974.0,74.9,46.26,"CONF_FAIL(got 46.3, need 83) | RR_FAIL(got 1.64, need 2.0) | SECTOR_RANK_TOO_LOW(rank=26>top6)",726.5,3.07,,,,,2026-07-22T19:23:56,
2026-07-17,SMCGLOBAL.NS,DIVERSIFIED,81.67,1709.0,66.5,52.71,"CONF_FAIL(got 52.7, need 83) | TQ_FAIL(got 66.5, need 73) | RR_FAIL(got 1.39, need 2.0)",79.79,-2.3,,,,,2026-07-22T19:23:53,
2026-07-17,SIGNPOST.NS,DIVERSIFIED,326.9,1751.0,53.4,67.49,"CONF_FAIL(got 67.5, need 83) | TQ_FAIL(got 53.4, need 73) | RR_FAIL(got 1.95, need 2.0)",292.45,-10.54,,,,,2026-07-22T19:23:39,
2026-07-17,SHREEJISPG.NS,DIVERSIFIED,596.3,9724.0,59.7,80.58,"CONF_FAIL(got 80.6, need 83) | TQ_FAIL(got 59.7, need 73) | RR_FAIL(got 1.43, need 2.0)",626.1,5.0,,,,,2026-07-22T19:23:34,
2026-07-17,SHANKARA.NS,DIVERSIFIED,139.65,339.0,65.4,0.0,BLACK_SWAN_NEWS,139.63,-0.01,,,,,2026-07-22T19:24:10,
2026-07-17,SANGAMIND.NS,DIVERSIFIED,636.95,3207.0,56.3,66.32000000000001,ROE_TOO_LOW(8.4%<10%),621.9,-2.36,,,,,2026-07-22T19:23:40,
2026-07-17,SAKSOFT.NS,IT,179.06,2374.0,71.3,30.085,"CONF_FAIL(got 30.1, need 83) | TQ_FAIL(got 71.3, need 73) | SECTOR_RANK_TOO_LOW(rank=7>top6)",169.03,-5.6,,,,,2026-07-22T19:24:06,
2026-07-17,SAKAR.NS,DIVERSIFIED,877.7,1953.0,65.3,63.19,ROE_TOO_LOW(10.0%<10%),837.25,-4.61,,,,,2026-07-22T19:23:47,
2026-07-17,ROLEXRINGS.NS,DIVERSIFIED,157.89,0.0,67.7,67.08,"CONF_FAIL(got 67.1, need 83) | TQ_FAIL(got 67.7, need 73) | RR_FAIL(got 1.43, need 2.0)",143.54,-9.09,,,,,2026-07-22T19:23:39,
2026-07-17,RELTD.NS,DIVERSIFIED,177.56,3537.0,69.3,61.0,SETUP_EDGE_SKIP(REGIME_CHOP_NO_BREAKOUT(TRANSITION/OTHER)),174.55,-1.7,,,,,2026-07-22T19:23:51,
2026-07-17,PREMIERPOL.NS,DIVERSIFIED,73.75,0.0,59.9,40.57,"CONF_FAIL(got 40.6, need 83) | TQ_FAIL(got 59.9, need 73) | RR_FAIL(got 1.88, need 2.0)",79.48,7.77,,,,,2026-07-22T19:24:02,
2026-07-17,POONAWALLA.NS,DIVERSIFIED,477.3,42062.0,67.6,62.730000000000004,SETUP_EDGE_SKIP(REGIME_CHOP_NO_BREAKOUT(TRANSITION/OTHER)),473.0,-0.9,,,,,2026-07-22T19:23:48,
2026-07-17,POLYPLEX.NS,DIVERSIFIED,1077.55,3383.0,63.5,71.115,SETUP_EDGE_SKIP(REGIME_CHOP_NO_BREAKOUT(TRANSITION/OTHER)),1115.05,3.48,,,,,2026-07-22T19:23:35,
2026-07-17,PNCINFRA.NS,INFRA,245.27,6293.0,77.5,55.45,SETUP_EDGE_SKIP(REGIME_CHOP_NO_BREAKOUT(TRANSITION/OTHER)),234.38,-4.44,,,,,2026-07-22T19:23:52,
2026-07-17,PLASTIBLEN.NS,DIVERSIFIED,198.57,0.0,59.1,49.83,"CONF_FAIL(got 49.8, need 83) | TQ_FAIL(got 59.1, need 73) | RR_FAIL(got 1.36, need 2.0)",194.41,-2.09,,,,,2026-07-22T19:23:53,
2026-07-17,PICCADIL.NS,DIVERSIFIED,729.55,7195.0,59.8,45.86,"CONF_FAIL(got 45.9, need 83) | TQ_FAIL(got 59.8, need 73) | RR_FAIL(got 1.43, need 2.0)",745.0,2.12,,,,,2026-07-22T19:23:56,
2026-07-17,PGIL.NS,TEXTILES,2041.3,9424.0,59.8,63.53,"CONF_FAIL(got 63.5, need 83) | TQ_FAIL(got 59.8, need 73) | SECTOR_RANK_TOO_LOW(rank=17>top6)",2004.5,-1.8,,,,,2026-07-22T19:23:46,
2026-07-17,PGEL.NS,DIVERSIFIED,617.65,17717.0,65.3,66.23,ROE_TOO_LOW(6.7%<10%),575.4,-6.84,,,,,2026-07-22T19:23:40,
2026-07-17,OPTIEMUS.NS,DIVERSIFIED,588.95,5227.0,57.9,47.04,ROE_TOO_LOW(9.2%<10%),615.45,4.5,,,,,2026-07-22T19:23:55,
2026-07-17,OMAXE.NS,DIVERSIFIED,93.5,1709.0,58.3,65.84,"CONF_FAIL(got 65.8, need 83) | TQ_FAIL(got 58.3, need 73) | RR_FAIL(got 1.83, need 2.0)",89.5,-4.28,,,,,2026-07-22T19:23:41,
2026-07-17,NUVOCO.NS,DIVERSIFIED,348.75,12491.0,67.2,68.07,ROE_TOO_LOW(4.0%<10%),359.7,3.14,,,,,2026-07-22T19:23:38,
2026-07-17,NILKAMAL.NS,DIVERSIFIED,1473.5,2205.0,72.0,39.89,"CONF_FAIL(got 39.9, need 83) | TQ_FAIL(got 72.0, need 73) | RR_FAIL(got 1.43, need 2.0)",1604.3,8.88,,,,,2026-07-22T19:24:02,
2026-07-17,NEWGEN.NS,DIVERSIFIED,547.55,7808.0,59.6,36.97,"CONF_FAIL(got 37.0, need 83) | TQ_FAIL(got 59.6, need 73) | RR_FAIL(got 1.75, need 2.0)",533.15,-2.63,,,,,2026-07-22T19:24:03,
2026-07-17,NEOGEN.NS,DIVERSIFIED,2175.6,5955.0,64.6,46.58,ROE_TOO_LOW(3.6%<10%),2105.2,-3.24,,,,,2026-07-22T19:23:55,
2026-07-17,NARMADA.NS,PHARMA,39.18,0.0,69.5,49.18,ROE_TOO_LOW(6.7%<10%),35.75,-8.75,,,,,2026-07-22T19:23:53,
2026-07-17,MUKANDLTD.NS,DIVERSIFIED,145.69,2112.0,70.5,29.08,"CONF_FAIL(got 29.1, need 83) | TQ_FAIL(got 70.5, need 73) | RR_FAIL(got 1.30, need 2.0)",142.5,-2.19,,,,,2026-07-22T19:24:07,
2026-07-17,MBAPL.NS,METALS,136.2,0.0,59.1,46.21,DE_TOO_HIGH(1.57>1.50),139.25,2.24,,,,,2026-07-22T19:23:56,
2026-07-17,MANAKCOAT.NS,CAPITAL_GOODS,129.08,1379.0,63.8,32.68,"CONF_FAIL(got 32.7, need 83) | TQ_FAIL(got 63.8, need 73) | RR_FAIL(got 1.73, need 2.0)",122.59,-5.03,,,,,2026-07-22T19:24:04,
2026-07-17,LXCHEM.NS,METALS,171.76,4764.0,74.5,45.68,"CONF_FAIL(got 45.7, need 83) | RR_FAIL(got 1.43, need 2.0) | SECTOR_RANK_TOO_LOW(rank=9>top6)",174.52,1.61,,,,,2026-07-22T19:23:56,
2026-07-17,LLOYDSME.NS,DIVERSIFIED,1865.4,105036.0,71.2,62.47,"CONF_FAIL(got 62.5, need 83) | TQ_FAIL(got 71.2, need 73) | RR_FAIL(got 1.51, need 2.0)",1871.7,0.34,,,,,2026-07-22T19:23:49,
2026-07-17,LANDMARK.NS,DIVERSIFIED,526.25,2189.0,60.5,32.32,"CONF_FAIL(got 32.3, need 83) | TQ_FAIL(got 60.5, need 73) | RR_FAIL(got 1.67, need 2.0)",519.25,-1.33,,,,,2026-07-22T19:24:05,
2026-07-17,KOPRAN.NS,DIVERSIFIED,203.63,982.0,63.2,65.92,ROE_TOO_LOW(4.9%<10%),201.36,-1.11,,,,,2026-07-22T19:23:41,
2026-07-17,KAMDHENU.NS,DIVERSIFIED,33.54,939.0,64.1,54.23,SETUP_EDGE_SKIP(REGIME_CHOP_NO_BREAKOUT(TRANSITION/OTHER)),33.76,0.66,,,,,2026-07-22T19:23:52,
2026-07-17,KALYANKJIL.NS,DIVERSIFIED,574.4,59283.0,57.2,44.35,"CONF_FAIL(got 44.4, need 83) | TQ_FAIL(got 57.2, need 73) | RR_FAIL(got 1.53, need 2.0)",596.1,3.78,,,,,2026-07-22T19:23:58,
2026-07-17,KABRAEXTRU.NS,DIVERSIFIED,330.7,1156.0,55.4,27.82,"CONF_FAIL(got 27.8, need 83) | TQ_FAIL(got 55.4, need 73) | RR_FAIL(got 1.69, need 2.0)",341.0,3.11,,,,,2026-07-22T19:24:09,
2026-07-17,JUSTDIAL.NS,DIVERSIFIED,767.3,6532.0,45.3,26.6,ROE_TOO_LOW(3.6%<10%),722.95,-5.78,,,,,2026-07-22T19:24:09,
2026-07-17,JUBLINGREA.NS,DIVERSIFIED,739.05,11785.0,61.3,62.81999999999999,ROE_TOO_LOW(9.5%<10%),743.75,0.64,,,,,2026-07-22T19:23:48,
2026-07-17,JINDWORLD.NS,DIVERSIFIED,32.2,3228.0,74.2,56.839999999999996,ROE_TOO_LOW(8.5%<10%),37.15,15.37,,,,,2026-07-22T19:23:52,
2026-07-17,IZMO.NS,DIVERSIFIED,1124.0,1675.0,68.5,34.03,"CONF_FAIL(got 34.0, need 83) | TQ_FAIL(got 68.5, need 73) | RR_FAIL(got 1.44, need 2.0)",1084.1,-3.55,,,,,2026-07-22T19:24:03,
2026-07-17,ITDC.NS,DIVERSIFIED,743.95,6376.0,62.7,27.284999999999997,"CONF_FAIL(got 27.3, need 83) | TQ_FAIL(got 62.7, need 73) | RR_FAIL(got 1.88, need 2.0)",750.15,0.83,,,,,2026-07-22T19:24:09,
2026-07-17,IRISDOREME.NS,CONSUMER,46.54,0.0,57.6,30.32,"CONF_FAIL(got 30.3, need 83) | TQ_FAIL(got 57.6, need 73) | RR_FAIL(got 1.88, need 2.0)",46.68,0.3,,,,,2026-07-22T19:24:05,
2026-07-17,IPCALAB.NS,PHARMA,1900.6,48192.0,62.6,67.49,"CONF_FAIL(got 67.5, need 83) | TQ_FAIL(got 62.6, need 73) | RR_FAIL(got 1.51, need 2.0)",1788.5,-5.9,,,,,2026-07-22T19:23:38,
2026-07-17,INDOBORAX.NS,CHEMICALS,465.7,1495.0,57.3,64.87,"CONF_FAIL(got 64.9, need 83) | TQ_FAIL(got 57.3, need 73) | RR_FAIL(got 1.60, need 2.0)",396.7,-14.82,,,,,2026-07-22T19:23:43,
2026-07-17,INDIANHUME.NS,DIVERSIFIED,398.05,0.0,51.5,74.63,ROE_TOO_LOW(9.9%<10%),382.1,-4.01,,,,,2026-07-22T19:23:34,
2026-07-17,INDIAGLYCO.NS,DIVERSIFIED,1159.3,7769.0,74.2,42.91,"CONF_FAIL(got 42.9, need 83) | RR_FAIL(got 1.51, need 2.0) | SECTOR_RANK_TOO_LOW(rank=10>top6)",1140.55,-1.62,,,,,2026-07-22T19:24:00,
2026-07-17,IKIO.NS,DIVERSIFIED,219.37,1686.0,61.9,45.464999999999996,"CONF_FAIL(got 45.5, need 83) | TQ_FAIL(got 61.9, need 73) | SECTOR_RANK_TOO_LOW(rank=10>top6)",212.73,-3.03,,,,,2026-07-22T19:23:57,
2026-07-17,ICICIBANK.NS,BANKING,1444.3,1036164.0,71.0,63.760000000000005,"CONF_FAIL(got 63.8, need 83) | TQ_FAIL(got 71.0, need 73) | RR_FAIL(got 1.41, need 2.0)",1440.7,-0.25,,,,,2026-07-22T19:23:46,
2026-07-17,HUHTAMAKI.NS,DIVERSIFIED,237.44,1795.0,59.4,29.46,"CONF_FAIL(got 29.5, need 83) | TQ_FAIL(got 59.4, need 73) | RR_FAIL(got 1.40, need 2.0)",291.98,22.97,,,,,2026-07-22T19:24:06,
2026-07-17,HSCL.NS,DIVERSIFIED,741.55,37412.0,63.2,65.06,"CONF_FAIL(got 65.1, need 83) | TQ_FAIL(got 63.2, need 73) | RR_FAIL(got 1.44, need 2.0)",768.25,3.6,,,,,2026-07-22T19:23:43,
2026-07-17,HIRECT.NS,DIVERSIFIED,1244.5,4284.0,56.2,63.93000000000001,"CONF_FAIL(got 63.9, need 83) | TQ_FAIL(got 56.2, need 73) | RR_FAIL(got 1.55, need 2.0)",1278.4,2.72,,,,,2026-07-22T19:23:44,
2026-07-17,HEXT.NS,DIVERSIFIED,570.2,34865.0,58.3,70.59,"CONF_FAIL(got 70.6, need 83) | TQ_FAIL(got 58.3, need 73) | RR_FAIL(got 1.77, need 2.0)",550.7,-3.42,,,,,2026-07-22T19:23:36,
2026-07-17,GNA.NS,DIVERSIFIED,567.05,2437.0,51.5,41.77,"CONF_FAIL(got 41.8, need 83) | TQ_FAIL(got 51.5, need 73) | RR_FAIL(got 1.64, need 2.0)",517.25,-8.78,,,,,2026-07-22T19:24:02,
2026-07-17,GHCLTEXTIL.NS,DIVERSIFIED,113.7,0.0,66.7,31.33,ROE_TOO_LOW(4.8%<10%),114.2,0.44,,,,,2026-07-22T19:24:05,
2026-07-17,GCSL.NS,DIVERSIFIED,525.7,1266.0,56.5,69.42,"CONF_FAIL(got 69.4, need 83) | TQ_FAIL(got 56.5, need 73) | RR_FAIL(got 1.42, need 2.0)",523.55,-0.41,,,,,2026-07-22T19:23:36,
2026-07-17,GAUDIUMIVF.NS,DIVERSIFIED,143.78,1048.0,58.4,81.01,"CONF_FAIL(got 81.0, need 83) | TQ_FAIL(got 58.4, need 73) | RR_FAIL(got 1.36, need 2.0)",158.16,10.0,,,,,2026-07-22T19:23:34,
2026-07-17,GANECOS.NS,DIVERSIFIED,1203.15,3225.0,57.5,33.16,ROE_TOO_LOW(3.1%<10%),1199.35,-0.32,,,,,2026-07-22T19:24:03,
2026-07-17,GANDHAR.NS,DIVERSIFIED,207.93,2037.0,57.7,65.295,"CONF_FAIL(got 65.3, need 83) | TQ_FAIL(got 57.7, need 73) | RR_FAIL(got 1.42, need 2.0)",236.19,13.59,,,,,2026-07-22T19:23:43,
2026-07-17,GABRIEL.NS,DIVERSIFIED,1336.6,19197.0,64.6,67.63,"CONF_FAIL(got 67.6, need 83) | TQ_FAIL(got 64.6, need 73) | RR_FAIL(got 1.67, need 2.0)",1424.6,6.58,,,,,2026-07-22T19:23:38,
2026-07-17,FLUOROCHEM.NS,DIVERSIFIED,4144.9,45550.0,71.2,64.725,ROE_TOO_LOW(7.8%<10%),4590.4,10.75,,,,,2026-07-22T19:23:43,
2026-07-17,FILATEX.NS,DIVERSIFIED,71.57,3153.0,48.6,43.27,"CONF_FAIL(got 43.3, need 83) | TQ_FAIL(got 48.6, need 73) | RR_FAIL(got 1.76, need 2.0)",71.73,0.22,,,,,2026-07-22T19:23:59,
2026-07-17,FEDERALBNK.NS,BANKING,349.0,86073.0,74.8,61.415000000000006,"CONF_FAIL(got 61.4, need 83) | RR_FAIL(got 1.41, need 2.0) | EVENT_BLOCK_RESULTS_IN_0D",353.25,1.22,,,,,2026-07-22T19:23:49,
2026-07-17,EXIDEIND.NS,DIVERSIFIED,435.2,37010.0,75.7,67.04,ROE_TOO_LOW(6.0%<10%),447.85,2.91,,,,,2026-07-22T19:23:39,
2026-07-17,EIMCOELECO.NS,DIVERSIFIED,1833.4,1057.0,63.4,68.17,"CONF_FAIL(got 68.2, need 83) | TQ_FAIL(got 63.4, need 73) | SECTOR_RANK_TOO_LOW(rank=10>top6)",1810.2,-1.27,,,,,2026-07-22T19:23:38,
2026-07-17,DIXON.NS,DIVERSIFIED,14329.0,87633.0,58.3,37.7,"CONF_FAIL(got 37.7, need 83) | TQ_FAIL(got 58.3, need 73) | RR_FAIL(got 1.44, need 2.0)",13882.0,-3.12,,,,,2026-07-22T19:24:03,
2026-07-17,DIVISLAB.NS,PHARMA,7247.5,192300.0,69.8,66.535,"CONF_FAIL(got 66.5, need 83) | TQ_FAIL(got 69.8, need 73) | RR_FAIL(got 1.41, need 2.0)",7386.5,1.92,,,,,2026-07-22T19:23:40,
2026-07-17,DBREALTY.NS,DIVERSIFIED,119.5,6478.0,70.9,64.57,"CONF_FAIL(got 64.6, need 83) | TQ_FAIL(got 70.9, need 73) | RR_FAIL(got 1.89, need 2.0)",113.99,-4.61,,,,,2026-07-22T19:23:44,
2026-07-17,DAMCAPITAL.NS,DIVERSIFIED,165.41,1170.0,58.8,55.88,"CONF_FAIL(got 55.9, need 83) | TQ_FAIL(got 58.8, need 73) | RR_FAIL(got 1.39, need 2.0)",157.61,-4.72,,,,,2026-07-22T19:23:52,
2026-07-17,CYIENTDLM.NS,DIVERSIFIED,578.65,4590.0,59.3,42.615,"CONF_FAIL(got 42.6, need 83) | TQ_FAIL(got 59.3, need 73) | RR_FAIL(got 1.63, need 2.0)",698.15,20.65,,,,,2026-07-22T19:24:01,
2026-07-17,CNL.NS,DIVERSIFIED,916.55,1374.0,56.5,65.79,"CONF_FAIL(got 65.8, need 83) | TQ_FAIL(got 56.5, need 73) | RR_FAIL(got 1.68, need 2.0)",909.55,-0.76,,,,,2026-07-22T19:23:41,
2026-07-17,CHENNPETRO.NS,DIVERSIFIED,1200.6,17875.0,67.1,64.71,SETUP_EDGE_SKIP(REGIME_CHOP_NO_BREAKOUT(TRANSITION/OTHER)),1307.8,8.93,,,,,2026-07-22T19:23:44,
2026-07-17,CENTENKA.NS,DIVERSIFIED,541.4,1183.0,67.2,68.47,ROE_TOO_LOW(7.0%<10%),558.65,3.19,,,,,2026-07-22T19:23:37,
2026-07-17,CEMPRO.NS,DIVERSIFIED,1615.0,27680.0,55.1,59.44,"CONF_FAIL(got 59.4, need 83) | TQ_FAIL(got 55.1, need 73) | RR_FAIL(got 1.82, need 2.0)",1596.6,-1.14,,,,,2026-07-22T19:23:51,
2026-07-17,BLUESTONE.NS,DIVERSIFIED,599.05,9117.0,70.3,48.495,"CONF_FAIL(got 48.5, need 83) | TQ_FAIL(got 70.3, need 73) | SECTOR_RANK_TOO_LOW(rank=10>top6)",776.05,29.55,,,,,2026-07-22T19:23:53,
2026-07-17,BLSE.NS,DIVERSIFIED,274.37,2496.0,63.0,65.47,"CONF_FAIL(got 65.5, need 83) | TQ_FAIL(got 63.0, need 73) | SECTOR_RANK_TOO_LOW(rank=10>top6)",260.09,-5.2,,,,,2026-07-22T19:23:42,
2026-07-17,BLKASHYAP.NS,DIVERSIFIED,57.92,1305.0,66.9,62.855000000000004,ROE_TOO_LOW(2.6%<10%),54.82,-5.35,,,,,2026-07-22T19:23:47,
2026-07-17,BHEL.NS,CAPITAL_GOODS,422.0,146943.0,65.5,60.83,ROE_TOO_LOW(6.2%<10%),416.45,-1.32,,,,,2026-07-22T19:23:51,
2026-07-17,BEPL.NS,DIVERSIFIED,113.1,2815.0,74.4,66.24,"CONF_FAIL(got 66.2, need 83) | RR_FAIL(got 1.39, need 2.0) | SECTOR_RANK_TOO_LOW(rank=10>top6)",120.06,6.15,,,,,2026-07-22T19:23:40,
2026-07-17,BALRAMCHIN.NS,DIVERSIFIED,604.45,12759.0,75.3,40.42,ROE_TOO_LOW(9.5%<10%),624.75,3.36,,,,,2026-07-22T19:24:02,
2026-07-17,BAJFINANCE.NS,FINANCE,1056.3,657679.0,72.2,65.51,"CONF_FAIL(got 65.5, need 83) | TQ_FAIL(got 72.2, need 73) | RR_FAIL(got 1.62, need 2.0)",1060.3,0.38,,,,,2026-07-22T19:23:42,
2026-07-17,BAJAJHCARE.NS,DIVERSIFIED,373.95,0.0,63.7,70.67,ROE_TOO_LOW(4.3%<10%),323.3,-13.54,,,,,2026-07-22T19:23:36,
2026-07-17,AURUM.NS,DIVERSIFIED,239.28,1728.0,62.8,65.7,"CONF_FAIL(got 65.7, need 83) | TQ_FAIL(got 62.8, need 73) | RR_FAIL(got 1.85, need 2.0)",227.84,-4.78,,,,,2026-07-22T19:23:42,
2026-07-17,ATHERENERG.NS,POWER_EQ,1282.2,0.0,57.1,62.03,"CONF_FAIL(got 62.0, need 83) | TQ_FAIL(got 57.1, need 73) | RR_FAIL(got 1.54, need 2.0)",1268.2,-1.09,,,,,2026-07-22T19:23:49,
2026-07-17,ARKADE.NS,DIVERSIFIED,139.66,2597.0,61.9,45.54,"CONF_FAIL(got 45.5, need 83) | TQ_FAIL(got 61.9, need 73) | RR_FAIL(got 1.38, need 2.0)",140.4,0.53,,,,,2026-07-22T19:23:57,
2026-07-17,APTUS.NS,DIVERSIFIED,306.85,15367.0,73.0,48.09,DE_TOO_HIGH(1.56>1.50),294.65,-3.98,,,,,2026-07-22T19:23:54,
2026-07-17,AMIRCHAND.NS,DIVERSIFIED,185.11,1915.0,46.2,63.459999999999994,"CONF_FAIL(got 63.5, need 83) | TQ_FAIL(got 46.2, need 73) | RR_FAIL(got 1.85, need 2.0)",183.93,-0.64,,,,,2026-07-23T19:21:17,
2026-07-17,ALGOQUANT.NS,DIVERSIFIED,64.55,1818.0,64.8,61.474999999999994,"CONF_FAIL(got 61.5, need 83) | TQ_FAIL(got 64.8, need 73) | RR_FAIL(got 1.39, need 2.0)",66.82,3.52,,,,,2026-07-22T19:23:49,
2026-07-17,AIIL.NS,DIVERSIFIED,571.0,48421.0,73.1,43.62,"CONF_FAIL(got 43.6, need 83) | RR_FAIL(got 1.42, need 2.0) | SECTOR_RANK_TOO_LOW(rank=10>top6)",542.3,-5.03,,,,,2026-07-22T19:23:58,
2026-07-17,ACUTAAS.NS,DIVERSIFIED,3619.4,29645.0,65.2,68.53,"CONF_FAIL(got 68.5, need 83) | TQ_FAIL(got 65.2, need 73) | SECTOR_RANK_TOO_LOW(rank=10>top6)",3659.6,1.11,,,,,2026-07-22T19:23:37,
2026-07-17,ACMESOLAR.NS,POWER_EQ,385.25,27212.0,69.5,65.295,DE_TOO_HIGH(3.93>1.50),369.6,-4.06,,,,,2026-07-22T19:23:42,
2026-07-17,AARTIDRUGS.NS,PHARMA,422.3,3856.0,63.6,32.7,"CONF_FAIL(got 32.7, need 83) | TQ_FAIL(got 63.6, need 73) | RR_FAIL(got 1.37, need 2.0)",412.0,-2.44,,,,,2026-07-22T19:24:04,
2026-07-17,63MOONS.NS,FINANCE,724.15,3343.0,72.9,0.0,BLACK_SWAN_NEWS,704.9,-2.66,,,,,2026-07-22T19:24:10,
2026-07-17,20MICRONS.NS,CHEMICALS,204.64,725.0,60.8,69.96,"CONF_FAIL(got 70.0, need 83) | TQ_FAIL(got 60.8, need 73) | SECTOR_RANK_TOO_LOW(rank=12>top6)",211.15,3.18,,,,,2026-07-22T19:23:36,
2026-07-16,ZYDUSWELL.NS,DIVERSIFIED,601.9,19119.0,59.6,74.35000000000001,ROE_TOO_LOW(4.0%<10%),592.25,-1.6,,,,,2026-07-21T19:21:26,
2026-07-16,WANBURY.NS,DIVERSIFIED,343.2,1201.0,59.9,27.83,"CONF_FAIL(got 27.8, need 70) | TQ_FAIL(got 59.9, need 68) | RR_FAIL(got 1.54, need 1.7)",338.4,-1.4,,,,,2026-07-21T19:21:42,
2026-07-16,UNIMECH.NS,DIVERSIFIED,1296.9,6608.0,71.0,44.245,ROE_TOO_LOW(9.0%<10%),1276.2,-1.6,,,,,2026-07-21T19:21:38,
2026-07-16,UJJIVANSFB.NS,DIVERSIFIED,65.62,0.0,62.5,44.16,"CONF_FAIL(got 44.2, need 70) | TQ_FAIL(got 62.5, need 68) | RR_FAIL(got 1.55, need 1.7)",65.63,0.02,,,,,2026-07-21T19:21:38,
2026-07-16,TTKPRESTIG.NS,DIVERSIFIED,677.7,9303.0,57.9,77.19,ROE_TOO_LOW(9.0%<10%),656.15,-3.18,,,,,2026-07-21T19:21:25,
2026-07-16,TRIVENI.NS,DIVERSIFIED,471.4,10394.0,63.7,35.83,ROE_TOO_LOW(8.7%<10%),471.5,0.02,,,,,2026-07-21T19:21:40,
2026-07-16,TFCILTD.NS,DIVERSIFIED,83.76,3879.0,63.5,65.96000000000001,ROE_TOO_LOW(9.9%<10%),83.21,-0.66,,,,,2026-07-21T19:21:32,
2026-07-16,TBZ.NS,DIVERSIFIED,256.03,1705.0,48.4,68.02,"CONF_FAIL(got 68.0, need 70) | TQ_FAIL(got 48.4, need 68) | SECTOR_RANK_TOO_LOW(rank=12>top6)",259.73,1.45,,,,,2026-07-21T19:21:30,
2026-07-16,TANLA.NS,DIVERSIFIED,588.3,7794.0,74.3,30.975,"CONF_FAIL(got 31.0, need 70) | RR_FAIL(got 1.42, need 1.7) | SECTOR_RANK_TOO_LOW(rank=12>top6)",564.55,-4.04,,,,,2026-07-21T19:21:41,
2026-07-16,SUNDRMFAST.NS,DIVERSIFIED,970.35,20397.0,62.8,73.80000000000001,"TQ_FAIL(got 62.8, need 68) | RR_FAIL(got 1.35, need 1.7) | SECTOR_RANK_TOO_LOW(rank=12>top6)",964.95,-0.56,,,,,2026-07-21T19:21:26,
2026-07-16,SUMEETINDS.NS,DIVERSIFIED,33.26,2304.0,73.1,63.92,"CONF_FAIL(got 63.9, need 70) | RR_FAIL(got 1.48, need 1.7) | SECTOR_RANK_TOO_LOW(rank=12>top6)",33.54,0.84,,,,,2026-07-21T19:21:35,
2026-07-16,SUDARSCHEM.NS,DIVERSIFIED,1068.55,8515.0,59.0,67.48,ROE_TOO_LOW(0.5%<10%),1054.6,-1.31,,,,,2026-07-21T19:21:30,
2026-07-16,STYL.NS,DIVERSIFIED,400.1,6476.0,47.1,68.59,"CONF_FAIL(got 68.6, need 70) | TQ_FAIL(got 47.1, need 68) | RR_FAIL(got 1.44, need 1.7)",371.7,-7.1,,,,,2026-07-21T19:21:28,
2026-07-16,STALLION.NS,DIVERSIFIED,212.04,0.0,65.8,65.34,ROE_TOO_LOW(8.9%<10%),245.32,15.7,,,,,2026-07-21T19:21:32,
2026-07-16,SSWL.NS,DIVERSIFIED,265.44,4181.0,74.0,44.76,"CONF_FAIL(got 44.8, need 70) | RR_FAIL(got 1.46, need 1.7) | SECTOR_RANK_TOO_LOW(rank=12>top6)",279.3,5.22,,,,,2026-07-21T19:21:37,
2026-07-16,SPORTKING.NS,DIVERSIFIED,198.51,0.0,68.2,67.815,"CONF_FAIL(got 67.8, need 70) | RR_FAIL(got 1.40, need 1.7) | SECTOR_RANK_TOO_LOW(rank=12>top6)",198.46,-0.03,,,,,2026-07-21T19:21:30,
2026-07-16,SONACOMS.NS,AUTO_ANCILLARY,683.4,42606.0,70.3,74.94,SETUP_EDGE_SKIP(REGIME_CHOP_NO_BREAKOUT(SIDEWAYS/OTHER)),732.75,7.22,,,,,2026-07-21T19:21:25,
2026-07-16,SMCGLOBAL.NS,DIVERSIFIED,81.48,1702.0,67.3,53.37,ROE_TOO_LOW(8.1%<10%),79.08,-2.95,,,,,2026-07-21T19:21:37,
2026-07-16,SKMEGGPROD.NS,DIVERSIFIED,331.2,1742.0,45.6,63.66,"CONF_FAIL(got 63.7, need 70) | TQ_FAIL(got 45.6, need 68) | SECTOR_RANK_TOO_LOW(rank=12>top6)",313.7,-5.28,,,,,2026-07-21T19:21:35,
2026-07-16,SHYAMMETL.NS,DIVERSIFIED,1040.5,29039.0,70.2,69.8,ROE_TOO_LOW(9.7%<10%),1062.65,2.13,,,,,2026-07-21T19:21:27,
2026-07-16,SHREEJISPG.NS,DIVERSIFIED,595.65,9699.0,59.6,81.55,"TQ_FAIL(got 59.6, need 68) | RR_FAIL(got 1.43, need 1.7) | SECTOR_RANK_TOO_LOW(rank=12>top6)",612.15,2.77,,,,,2026-07-21T19:21:25,
2026-07-16,SHOPERSTOP.NS,DIVERSIFIED,401.35,4423.0,64.1,64.575,DE_TOO_HIGH(11.40>1.50),386.35,-3.74,,,,,2026-07-21T19:21:34,
2026-07-16,SHANKARA.NS,DIVERSIFIED,138.83,337.0,71.7,39.865,MARKET_CAP_LOW_₹337Cr_(min_₹500Cr),138.41,-0.3,,,,,2026-07-21T19:21:40,
2026-07-16,SENORES.NS,DIVERSIFIED,1452.9,6700.0,62.3,68.58,"CONF_FAIL(got 68.6, need 70) | TQ_FAIL(got 62.3, need 68) | RR_FAIL(got 1.68, need 1.7)",1404.0,-3.37,,,,,2026-07-21T19:21:28,
2026-07-16,SATIN.NS,DIVERSIFIED,266.14,2940.0,69.1,68.92,DE_TOO_HIGH(3.83>1.50),258.46,-2.89,,,,,2026-07-21T19:21:28,
2026-07-16,SANGAMIND.NS,DIVERSIFIED,628.35,3159.0,61.4,67.15,ROE_TOO_LOW(8.4%<10%),618.95,-1.5,,,,,2026-07-21T19:21:31,
2026-07-16,SAKSOFT.NS,IT,181.88,2411.0,65.5,54.26,"CONF_FAIL(got 54.3, need 70) | TQ_FAIL(got 65.5, need 68) | INSTITUTIONAL_EXIT",173.17,-4.79,,,,,2026-07-21T19:21:36,
2026-07-16,SAKAR.NS,DIVERSIFIED,896.95,1996.0,72.8,45.305,ROE_TOO_LOW(10.0%<10%),878.75,-2.03,,,,,2026-07-21T19:21:37,
2026-07-16,RRKABEL.NS,DIVERSIFIED,2403.9,27192.0,70.7,66.2,"CONF_FAIL(got 66.2, need 70) | SECTOR_RANK_TOO_LOW(rank=12>top6)",2345.4,-2.43,,,,,2026-07-21T19:21:31,
2026-07-16,ROLEXRINGS.NS,DIVERSIFIED,155.51,0.0,69.5,68.45,"CONF_FAIL(got 68.5, need 70) | RR_FAIL(got 1.42, need 1.7) | SECTOR_RANK_TOO_LOW(rank=12>top6)",150.86,-2.99,,,,,2026-07-21T19:21:29,
2026-07-16,RITCO.NS,DIVERSIFIED,271.55,777.0,74.3,64.06,"CONF_FAIL(got 64.1, need 70) | SECTOR_RANK_TOO_LOW(rank=12>top6)",279.8,3.04,,,,,2026-07-21T19:21:34,
2026-07-16,RAIN.NS,DIVERSIFIED,213.64,7190.0,67.9,64.74000000000001,ROE_TOO_LOW(0.6%<10%),223.4,4.57,,,,,2026-07-21T19:21:33,
2026-07-16,PSPPROJECT.NS,DIVERSIFIED,1081.4,4294.0,59.4,57.79,ROE_TOO_LOW(4.5%<10%),1077.4,-0.37,,,,,2026-07-21T19:21:55,
2026-07-16,PPAP.NS,DIVERSIFIED,328.54,465.0,45.7,20.32,MARKET_CAP_LOW_₹465Cr_(min_₹500Cr),302.91,-7.8,,,,,2026-07-21T19:22:19,
2026-07-16,POLYMED.NS,PHARMA,1715.6,17396.0,63.9,61.03,REGIME_NO_BUY,1695.9,-1.15,,,,,2026-07-21T19:21:47,
2026-07-16,PLASTIBLEN.NS,DIVERSIFIED,202.33,0.0,67.5,63.56,"CONF_FAIL(got 63.6, need 70) | TQ_FAIL(got 67.5, need 68) | RR_FAIL(got 1.36, need 1.7)",197.84,-2.22,,,,,2026-07-21T19:21:35,
2026-07-16,PICCADIL.NS,DIVERSIFIED,727.65,7172.0,55.5,32.8,REGIME_NO_BUY,753.95,3.61,,,,,2026-07-21T19:22:14,
2026-07-16,PHOENIXLTD.NS,REALTY,2132.4,76272.0,64.6,59.06,REGIME_NO_BUY,2091.2,-1.93,,,,,2026-07-21T19:21:50,
2026-07-16,PGIL.NS,TEXTILES,2038.6,9410.0,68.1,59.075,REGIME_NO_BUY,2047.8,0.45,,,,,2026-07-21T19:21:49,
2026-07-16,PGEL.NS,DIVERSIFIED,599.75,17233.0,73.6,37.88,ROE_TOO_LOW(6.7%<10%),610.15,1.73,,,,,2026-07-21T19:22:12,
2026-07-16,PDSL.NS,DIVERSIFIED,377.2,5339.0,67.1,55.135,REGIME_NO_BUY,364.8,-3.29,,,,,2026-07-21T19:22:02,
2026-07-16,PAYTM.NS,FINANCE,1368.0,87611.0,62.4,57.43,ROE_TOO_LOW(4.7%<10%),1300.5,-4.93,,,,,2026-07-21T19:21:55,
2026-07-16,PARKHOTELS.NS,DIVERSIFIED,129.67,2767.0,63.7,54.69,ROE_TOO_LOW(5.1%<10%),128.02,-1.27,,,,,2026-07-21T19:22:02,
2026-07-16,PARKHOSPS.NS,DIVERSIFIED,291.05,12582.0,70.9,57.39,REGIME_NO_BUY,270.7,-6.99,,,,,2026-07-21T19:21:57,
2026-07-16,PAISALO.NS,DIVERSIFIED,72.03,6553.0,68.8,29.46,DE_TOO_HIGH(2.43>1.50),72.18,0.21,,,,,2026-07-21T19:22:16,
2026-07-16,OPTIEMUS.NS,DIVERSIFIED,565.85,5021.0,53.5,57.239999999999995,ROE_TOO_LOW(9.2%<10%),605.35,6.98,,,,,2026-07-21T19:21:58,
2026-07-16,ONWARDTEC.NS,DIVERSIFIED,288.2,640.0,78.4,25.705000000000002,"CONF_FAIL(got 25.7, need 70) | SECTOR_RANK_TOO_LOW(rank=12>top6) | INSTITUTIONAL_EXIT",292.15,1.37,,,,,2026-07-21T19:21:42,
2026-07-16,OMAXE.NS,DIVERSIFIED,96.94,1774.0,55.8,16.12,REGIME_NO_BUY,92.74,-4.33,,,,,2026-07-21T19:22:23,
2026-07-16,OFSS.NS,IT,11625.0,101191.0,70.5,65.56,REGIME_NO_BUY,11632.0,0.06,,,,,2026-07-21T19:21:44,
2026-07-16,NYKAA.NS,CONSUMER,329.1,94323.0,58.9,57.11,REGIME_NO_BUY,327.95,-0.35,,,,,2026-07-21T19:21:58,
2026-07-16,NUVOCO.NS,DIVERSIFIED,377.25,13470.0,66.5,18.45,REGIME_NO_BUY,361.6,-4.15,,,,,2026-07-21T19:22:21,
2026-07-16,NUVAMA.NS,DIVERSIFIED,1919.3,35001.0,60.4,58.959999999999994,DE_TOO_HIGH(2.82>1.50),1891.6,-1.44,,,,,2026-07-21T19:21:50,
2026-07-16,NEWGEN.NS,DIVERSIFIED,541.95,7701.0,61.6,41.32,"CONF_FAIL(got 41.3, need 70) | TQ_FAIL(got 61.6, need 68) | RR_FAIL(got 1.69, need 1.7)",546.3,0.8,,,,,2026-07-21T19:21:39,
2026-07-16,NEOGEN.NS,DIVERSIFIED,2272.2,6217.0,69.6,31.57,REGIME_NO_BUY,2155.3,-5.14,,,,,2026-07-21T19:22:16,
2026-07-16,NAVNETEDUL.NS,DIVERSIFIED,150.45,3321.0,75.1,61.375,ROE_TOO_LOW(8.0%<10%),146.19,-2.83,,,,,2026-07-21T19:21:47,
2026-07-16,NAVKARCORP.NS,LOGISTICS,116.09,1744.0,72.7,53.45,ROE_TOO_LOW(6.2%<10%),104.03,-10.39,,,,,2026-07-21T19:22:04,
2026-07-16,MUTHOOTMF.NS,DIVERSIFIED,245.54,0.0,61.5,54.25,ROE_TOO_LOW(6.2%<10%),254.3,3.57,,,,,2026-07-21T19:22:03,
2026-07-16,MUKANDLTD.NS,DIVERSIFIED,146.2,2120.0,72.3,31.83,"CONF_FAIL(got 31.8, need 70) | RR_FAIL(got 1.30, need 1.7) | SECTOR_RANK_TOO_LOW(rank=12>top6)",145.88,-0.22,,,,,2026-07-21T19:21:41,
2026-07-16,MOSCHIP.NS,DIVERSIFIED,247.98,4823.0,68.4,20.33,REGIME_NO_BUY,245.28,-1.09,,,,,2026-07-21T19:22:18,
2026-07-16,MOREPENLAB.NS,PHARMA,61.24,3354.0,69.2,36.13,REGIME_NO_BUY,56.82,-7.22,,,,,2026-07-21T19:22:12,
2026-07-16,MOBIKWIK.NS,DIVERSIFIED,224.59,1770.0,66.1,19.02,REGIME_NO_BUY,208.66,-7.09,,,,,2026-07-21T19:22:20,
2026-07-16,METROPOLIS.NS,DIVERSIFIED,571.65,11858.0,76.8,64.04,REGIME_NO_BUY,568.8,-0.5,,,,,2026-07-21T19:21:45,
2026-07-16,MBAPL.NS,METALS,126.55,0.0,63.9,32.49,DE_TOO_HIGH(1.57>1.50),143.75,13.59,,,,,2026-07-21T19:22:15,
2026-07-16,MARKSANS.NS,HEALTHCARE,275.75,12501.0,75.1,58.85499999999999,REGIME_NO_BUY,260.3,-5.6,,,,,2026-07-21T19:21:51,
2026-07-16,MANAKCOAT.NS,CAPITAL_GOODS,124.65,1328.0,68.4,34.93,"CONF_FAIL(got 34.9, need 70) | SECTOR_RANK_TOO_LOW(rank=8>top6)",123.19,-1.17,,,,,2026-07-21T19:21:40,
2026-07-16,LXCHEM.NS,METALS,168.82,4658.0,74.7,32.92,ROE_TOO_LOW(4.1%<10%),181.53,7.53,,,,,2026-07-21T19:22:14,
2026-07-16,LODHA.NS,REALTY,1162.4,115716.0,53.8,18.89,REGIME_NO_BUY,1198.95,3.14,,,,,2026-07-21T19:22:21,
2026-07-16,LLOYDSENT.NS,METALS,79.71,12160.0,75.9,40.95,REGIME_NO_BUY,81.49,2.23,,,,,2026-07-21T19:22:11,
2026-07-16,LLOYDSENGG.NS,CAPITAL_GOODS,89.06,13034.0,66.4,57.78,REGIME_NO_BUY,91.17,2.37,,,,,2026-07-21T19:21:55,
2026-07-16,LANDMARK.NS,CONSUMER,514.25,2098.0,63.5,18.75,REGIME_NO_BUY,532.2,3.49,,,,,2026-07-21T19:22:21,
2026-07-16,KOPRAN.NS,DIVERSIFIED,204.0,984.0,63.0,59.10499999999999,ROE_TOO_LOW(4.9%<10%),204.01,0.0,,,,,2026-07-21T19:21:49,
2026-07-16,KMEW.NS,DIVERSIFIED,2448.5,6031.0,56.8,57.26,REGIME_NO_BUY,2451.8,0.13,,,,,2026-07-21T19:21:58,
2026-07-16,KIRLOSENG.NS,CAPITAL_GOODS,2414.2,35130.0,52.5,40.12,DE_TOO_HIGH(1.55>1.50),2221.7,-7.97,,,,,2026-07-21T19:22:11,
2026-07-16,KALYANKJIL.NS,DIVERSIFIED,548.1,56599.0,50.9,20.105,REGIME_NO_BUY,577.0,5.27,,,,,2026-07-21T19:22:20,
2026-07-16,KAJARIACER.NS,DIVERSIFIED,1237.0,19704.0,76.9,63.97,REGIME_NO_BUY,1229.3,-0.62,,,,,2026-07-21T19:21:46,
2026-07-16,KABRAEXTRU.NS,DIVERSIFIED,324.05,1135.0,46.5,16.76,REGIME_NO_BUY,359.3,10.88,,,,,2026-07-21T19:22:23,
2026-07-16,JUSTDIAL.NS,DIVERSIFIED,804.05,6837.0,50.4,17.97,REGIME_NO_BUY,743.4,-7.54,,,,,2026-07-21T19:22:22,
2026-07-16,JUBLINGREA.NS,DIVERSIFIED,736.7,11703.0,63.1,34.55,REGIME_NO_BUY,763.8,3.68,,,,,2026-07-21T19:22:12,
2026-07-16,JSFB.NS,FINANCE,497.7,0.0,71.6,58.14,ROE_TOO_LOW(7.6%<10%),561.6,12.84,,,,,2026-07-21T19:21:36,
2026-07-16,JNKINDIA.NS,DIVERSIFIED,545.95,3056.0,61.2,62.68000000000001,REGIME_NO_BUY,480.35,-12.02,,,,,2026-07-21T19:21:46,
2026-07-16,JINDWORLD.NS,CONSUMER,32.06,3214.0,74.7,62.25,ROE_TOO_LOW(8.5%<10%),37.64,17.4,,,,,2026-07-21T19:21:36,
2026-07-16,JBCHEPHARM.NS,DIVERSIFIED,2506.0,40248.0,78.4,70.04,REGIME_NO_BUY,2408.9,-3.87,,,,,2026-07-22T19:24:10,
2026-07-16,JAYBARMARU.NS,DIVERSIFIED,189.23,2051.0,42.4,34.14,REGIME_NO_BUY,171.72,-9.25,,,,,2026-07-21T19:22:13,
2026-07-16,IZMO.NS,IT,1119.5,1668.0,58.7,69.01,"CONF_FAIL(got 69.0, need 70) | TQ_FAIL(got 58.7, need 68) | RR_FAIL(got 1.44, need 1.7)",1103.8,-1.4,,,,,2026-07-21T19:21:27,
2026-07-16,IVALUE.NS,DIVERSIFIED,313.15,1710.0,54.8,58.06,REGIME_NO_BUY,290.8,-7.14,,,,,2026-07-21T19:21:54,
2026-07-16,ITDC.NS,CONSUMER,755.25,6494.0,58.1,27.92,"CONF_FAIL(got 27.9, need 70) | TQ_FAIL(got 58.1, need 68) | INSTITUTIONAL_EXIT",757.4,0.28,,,,,2026-07-21T19:21:42,
2026-07-16,ITCHOTELS.NS,DIVERSIFIED,183.49,38214.0,61.1,57.28,ROE_TOO_LOW(7.9%<10%),164.37,-10.42,,,,,2026-07-21T19:21:57,
2026-07-16,IRISDOREME.NS,DIVERSIFIED,45.52,0.0,67.8,53.28,REGIME_NO_BUY,46.03,1.12,,,,,2026-07-21T19:22:05,
2026-07-16,IPCALAB.NS,PHARMA,1878.0,47655.0,73.0,40.15,REGIME_NO_BUY,1799.0,-4.21,,,,,2026-07-21T19:22:11,
2026-07-16,IONEXCHANG.NS,DIVERSIFIED,444.2,6516.0,59.8,55.77,REGIME_NO_BUY,437.7,-1.46,,,,,2026-07-21T19:22:01,
2026-07-16,INDOSTAR.NS,DIVERSIFIED,270.95,4360.0,69.0,57.02,REGIME_NO_BUY,270.6,-0.13,,,,,2026-07-21T19:21:59,
2026-07-16,INDOFARM.NS,DIVERSIFIED,162.29,779.0,70.7,14.629999999999999,REGIME_NO_BUY,161.87,-0.26,,,,,2026-07-21T19:22:24,
2026-07-16,INDOBORAX.NS,CHEMICALS,450.65,1446.0,54.2,51.19,REGIME_NO_BUY,430.1,-4.56,,,,,2026-07-21T19:22:06,
2026-07-16,INDIANHUME.NS,DIVERSIFIED,414.3,0.0,59.5,65.81,ROE_TOO_LOW(9.9%<10%),394.75,-4.72,,,,,2026-07-21T19:21:44,
2026-07-16,INDIAGLYCO.NS,DIVERSIFIED,1137.35,7628.0,73.5,33.27,REGIME_NO_BUY,1153.95,1.46,,,,,2026-07-21T19:22:13,
2026-07-16,IKIO.NS,DIVERSIFIED,215.66,1665.0,42.4,33.225,REGIME_NO_BUY,216.5,0.39,,,,,2026-07-21T19:22:14,
2026-07-16,IIFL.NS,FINANCE,567.1,24122.0,72.2,66.62,"CONF_FAIL(got 66.6, need 70) | RR_FAIL(got 1.52, need 1.7) | SECTOR_RANK_TOO_LOW(rank=14>top6)",571.8,0.83,,,,,2026-07-21T19:21:31,
2026-07-16,IFBIND.NS,DIVERSIFIED,1376.2,5580.0,65.0,56.37,REGIME_NO_BUY,1355.0,-1.54,,,,,2026-07-21T19:22:00,
2026-07-16,IBULLSLTD.NS,DIVERSIFIED,31.59,7319.0,41.7,59.81,REGIME_NO_BUY,28.96,-8.33,,,,,2026-07-21T19:21:49,
2026-07-16,HUHTAMAKI.NS,CONSUMER,232.69,1758.0,67.8,31.43,"CONF_FAIL(got 31.4, need 70) | TQ_FAIL(got 67.8, need 68) | RR_FAIL(got 1.39, need 1.7)",264.19,13.54,,,,,2026-07-21T19:21:41,
2026-07-16,HLEGLAS.NS,DIVERSIFIED,418.65,2897.0,66.3,50.74,REGIME_NO_BUY,437.9,4.6,,,,,2026-07-21T19:22:07,
2026-07-16,HIRECT.NS,CAPITAL_GOODS,1288.3,4436.0,68.3,43.88,"CONF_FAIL(got 43.9, need 70) | RR_FAIL(got 1.50, need 1.7) | SECTOR_RANK_TOO_LOW(rank=8>top6)",1308.6,1.58,,,,,2026-07-21T19:21:38,
2026-07-16,HIKAL.NS,DIVERSIFIED,240.8,2971.0,69.4,54.85,REGIME_NO_BUY,224.74,-6.67,,,,,2026-07-21T19:22:02,
2026-07-16,HFCL.NS,DIVERSIFIED,223.08,34198.0,68.0,20.18,ROE_TOO_LOW(7.0%<10%),217.97,-2.29,,,,,2026-07-21T19:22:19,
2026-07-16,HEXT.NS,DIVERSIFIED,564.4,34455.0,59.9,65.74,REGIME_NO_BUY,560.05,-0.77,,,,,2026-07-21T19:21:44,
2026-07-16,GROWW.NS,DIVERSIFIED,216.33,135677.0,73.0,15.030000000000001,REGIME_NO_BUY,206.36,-4.61,,,,,2026-07-21T19:22:24,
2026-07-16,GREAVESCOT.NS,DIVERSIFIED,257.68,6005.0,38.3,58.83500000000001,ROE_TOO_LOW(8.1%<10%),248.11,-3.71,,,,,2026-07-21T19:21:51,
2026-07-16,GRAVITA.NS,DIVERSIFIED,1840.2,13593.0,61.9,56.870000000000005,REGIME_NO_BUY,1804.5,-1.94,,,,,2026-07-21T19:21:59,
2026-07-16,GRANULES.NS,PHARMA,898.05,22257.0,64.9,54.085,REGIME_NO_BUY,875.7,-2.49,,,,,2026-07-21T19:22:04,
2026-07-16,GOODLUCK.NS,DIVERSIFIED,1573.0,5226.0,63.9,60.754999999999995,REGIME_NO_BUY,1554.1,-1.2,,,,,2026-07-21T19:21:48,
2026-07-16,GODREJPROP.NS,REALTY,2104.4,63342.0,65.2,56.45,ROE_TOO_LOW(8.8%<10%),2164.3,2.85,,,,,2026-07-21T19:22:00,
2026-07-16,GODREJIND.NS,DIVERSIFIED,1379.4,46363.0,53.7,53.24,DE_TOO_HIGH(2.22>1.50),1380.5,0.08,,,,,2026-07-21T19:22:05,
2026-07-16,GNA.NS,DIVERSIFIED,549.9,2357.0,38.7,56.75,REGIME_NO_BUY,509.8,-7.29,,,,,2026-07-21T19:22:00,
2026-07-16,GLENMARK.NS,PHARMA,2297.4,64822.0,71.7,58.31999999999999,REGIME_NO_BUY,2242.1,-2.41,,,,,2026-07-21T19:21:53,
2026-07-16,GLAXO.NS,DIVERSIFIED,2483.7,42073.0,59.1,65.88,REGIME_NO_BUY,2506.6,0.92,,,,,2026-07-21T19:21:43,
2026-07-16,GHCLTEXTIL.NS,DIVERSIFIED,112.33,0.0,64.7,18.38,REGIME_NO_BUY,117.25,4.38,,,,,2026-07-21T19:22:22,
2026-07-16,GCSL.NS,DIVERSIFIED,502.95,1215.0,58.1,64.97,REGIME_NO_BUY,513.8,2.16,,,,,2026-07-21T19:21:45,
2026-07-16,GANECOS.NS,DIVERSIFIED,1188.3,3183.0,64.8,20.43,REGIME_NO_BUY,1237.95,4.18,,,,,2026-07-21T19:22:18,
2026-07-16,GANDHAR.NS,DIVERSIFIED,206.82,2022.0,54.5,58.91,REGIME_NO_BUY,227.17,9.84,,,,,2026-07-21T19:21:51,
2026-07-16,GABRIEL.NS,DIVERSIFIED,1354.5,19458.0,66.6,52.165,REGIME_NO_BUY,1488.5,9.89,,,,,2026-07-21T19:22:05,
2026-07-16,FUSION.NS,DIVERSIFIED,228.12,0.0,55.9,17.445,ROE_TOO_LOW(0.7%<10%),227.77,-0.15,,,,,2026-07-21T19:22:22,
2026-07-16,FSL.NS,DIVERSIFIED,261.84,18509.0,57.9,44.39,REGIME_NO_BUY,266.05,1.61,,,,,2026-07-21T19:22:08,
2026-07-16,FLUOROCHEM.NS,DIVERSIFIED,4131.6,45440.0,72.9,42.48,ROE_TOO_LOW(7.8%<10%),4607.1,11.51,,,,,2026-07-21T19:22:10,
2026-07-16,FILATEX.NS,DIVERSIFIED,70.34,3121.0,51.1,31.630000000000003,REGIME_NO_BUY,71.3,1.36,,,,,2026-07-21T19:22:15,
2026-07-16,FEDDERSHOL.NS,DIVERSIFIED,44.77,901.0,58.6,51.94,REGIME_NO_BUY,51.86,15.84,,,,,2026-07-21T19:22:06,
2026-07-16,ETERNAL.NS,CONSUMER,294.8,284691.0,68.2,58.58,ROE_TOO_LOW(1.2%<10%),286.6,-2.78,,,,,2026-07-21T19:21:52,
2026-07-16,EMSLIMITED.NS,CAPITAL_GOODS,440.35,2448.0,52.4,57.33,ROE_TOO_LOW(8.9%<10%),421.75,-4.22,,,,,2026-07-21T19:21:57,
2026-07-16,EIMCOELECO.NS,CAPITAL_GOODS,1872.4,1081.0,63.2,69.13,"CONF_FAIL(got 69.1, need 70) | TQ_FAIL(got 63.2, need 68) | SECTOR_RANK_TOO_LOW(rank=8>top6)",1811.8,-3.24,,,,,2026-07-21T19:21:27,
2026-07-16,EIHOTEL.NS,DIVERSIFIED,339.0,21140.0,62.9,58.269999999999996,REGIME_NO_BUY,335.25,-1.11,,,,,2026-07-21T19:21:53,
2026-07-16,DIXON.NS,DIVERSIFIED,13651.0,83445.0,61.1,58.27000000000001,REGIME_NO_BUY,14118.0,3.42,,,,,2026-07-21T19:21:53,
2026-07-16,DIVISLAB.NS,PHARMA,7273.0,193164.0,74.0,54.39,REGIME_NO_BUY,7330.0,0.78,,,,,2026-07-21T19:22:03,
2026-07-16,DDEVPLSTIK.NS,DIVERSIFIED,291.35,0.0,60.5,55.27,REGIME_NO_BUY,286.55,-1.65,,,,,2026-07-21T19:22:01,
2026-07-16,DAMCAPITAL.NS,FINANCE,170.49,1208.0,69.6,43.81,"CONF_FAIL(got 43.8, need 70) | RR_FAIL(got 1.39, need 1.7) | SECTOR_RANK_TOO_LOW(rank=14>top6)",162.78,-4.52,,,,,2026-07-21T19:21:39,
2026-07-16,CYIENTDLM.NS,DIVERSIFIED,538.5,4283.0,59.4,45.38,ROE_TOO_LOW(7.5%<10%),623.0,15.69,,,,,2026-07-21T19:22:08,
2026-07-16,CUPID.NS,DIVERSIFIED,219.66,29526.0,41.5,31.72,REGIME_NO_BUY,211.25,-3.83,,,,,2026-07-21T19:22:15,
2026-07-16,CPPLUS.NS,CAPITAL_GOODS,3800.0,44687.0,63.7,65.78,"CONF_FAIL(got 65.8, need 70) | TQ_FAIL(got 63.7, need 68) | SECTOR_RANK_TOO_LOW(rank=8>top6)",3491.2,-8.13,,,,,2026-07-21T19:21:32,
2026-07-16,CNL.NS,DIVERSIFIED,903.95,1356.0,58.2,53.905,REGIME_NO_BUY,948.75,4.96,,,,,2026-07-21T19:22:04,
2026-07-16,CHOICEIN.NS,DIVERSIFIED,817.65,18215.0,61.3,56.84,REGIME_NO_BUY,816.9,-0.09,,,,,2026-07-21T19:21:59,
2026-07-16,CHENNPETRO.NS,ENERGY,1240.8,18474.0,74.3,68.45,"CONF_FAIL(got 68.5, need 70) | RR_FAIL(got 1.45, need 1.7) | SECTOR_RANK_TOO_LOW(rank=10>top6)",1258.1,1.39,,,,,2026-07-21T19:21:29,
2026-07-16,CGCL.NS,DIVERSIFIED,258.21,24836.0,54.4,58.67,DE_TOO_HIGH(3.35>1.50),249.64,-3.32,,,,,2026-07-21T19:21:52,
2026-07-16,CENTENKA.NS,DIVERSIFIED,549.85,1203.0,72.6,28.259999999999998,REGIME_NO_BUY,544.35,-1.0,,,,,2026-07-21T19:22:17,
2026-07-16,CEMPRO.NS,DIVERSIFIED,1601.4,27466.0,42.4,46.19,REGIME_NO_BUY,1639.6,2.39,,,,,2026-07-21T19:22:07,
2026-07-16,CDSL.NS,DIVERSIFIED,1440.1,30098.0,69.8,62.709999999999994,REGIME_NO_BUY,1364.9,-5.22,,,,,2026-07-21T19:21:46,
2026-07-16,CAPLIPOINT.NS,DIVERSIFIED,2648.1,20131.0,62.3,64.65,REGIME_NO_BUY,2608.0,-1.51,,,,,2026-07-21T19:21:45,
2026-07-16,BUILDPRO.NS,INFRA,1268.6,3081.0,58.7,21.355,REGIME_NO_BUY,1235.4,-2.62,,,,,2026-07-21T19:22:18,
2026-07-16,BLUSPRING.NS,DIVERSIFIED,116.67,1739.0,63.9,63.599999999999994,REGIME_NO_BUY,108.1,-7.35,,,,,2026-07-21T19:21:46,
2026-07-16,BLUESTONE.NS,DIVERSIFIED,626.3,9581.0,67.9,34.04,REGIME_NO_BUY,728.65,16.34,,,,,2026-07-21T19:22:13,
2026-07-16,BLUEJET.NS,PHARMA,598.55,11329.0,58.0,47.69,REGIME_NO_BUY,589.5,-1.51,,,,,2026-07-21T19:22:07,
2026-07-16,BLSE.NS,DIVERSIFIED,274.37,2500.0,56.4,15.36,REGIME_NO_BUY,268.45,-2.16,,,,,2026-07-21T19:22:23,
2026-07-16,BLKASHYAP.NS,DIVERSIFIED,60.93,1378.0,74.8,50.97,REGIME_NO_BUY,56.39,-7.45,,,,,2026-07-21T19:22:06,
2026-07-16,BHEL.NS,CAPITAL_GOODS,417.95,145515.0,70.2,43.93,ROE_TOO_LOW(6.2%<10%),413.3,-1.11,,,,,2026-07-21T19:22:09,
2026-07-16,BHARATSE.NS,DIVERSIFIED,243.7,0.0,63.5,58.49000000000001,REGIME_NO_BUY,221.49,-9.11,,,,,2026-07-21T19:21:52,
2026-07-16,BFINVEST.NS,FINANCE,476.5,1792.0,61.3,60.11,ROE_TOO_LOW(3.6%<10%),467.85,-1.82,,,,,2026-07-21T19:21:48,
2026-07-16,BEPL.NS,DIVERSIFIED,106.41,2653.0,72.5,41.84,REGIME_NO_BUY,123.44,16.0,,,,,2026-07-21T19:22:10,
2026-07-16,BALAMINES.NS,DIVERSIFIED,2314.2,7493.0,57.9,20.14,ROE_TOO_LOW(8.7%<10%),2366.5,2.26,,,,,2026-07-21T19:22:19,
2026-07-16,BAJAJHCARE.NS,DIVERSIFIED,363.55,0.0,66.1,68.05,ROE_TOO_LOW(4.3%<10%),369.35,1.6,,,,,2026-07-21T19:21:43,
2026-07-16,AZAD.NS,DIVERSIFIED,2351.8,15173.0,63.4,56.3,ROE_TOO_LOW(9.1%<10%),2378.6,1.14,,,,,2026-07-21T19:22:00,
2026-07-16,AURUM.NS,DIVERSIFIED,250.82,1809.0,64.7,54.1,REGIME_NO_BUY,228.33,-8.97,,,,,2026-07-21T19:22:04,
2026-07-16,ATHERENERG.NS,POWER_EQ,1296.4,0.0,66.0,30.0,REGIME_NO_BUY,1288.4,-0.62,,,,,2026-07-21T19:22:16,
2026-07-16,ARKADE.NS,DIVERSIFIED,138.74,2571.0,61.8,57.655,REGIME_NO_BUY,137.13,-1.16,,,,,2026-07-21T19:21:55,
2026-07-16,APTUS.NS,FINANCE,299.95,15016.0,72.6,69.95,"CONF_FAIL(got 70.0, need 70) | RR_FAIL(got 1.43, need 1.7) | SECTOR_RANK_TOO_LOW(rank=14>top6)",301.05,0.37,,,,,2026-07-21T19:21:26,
2026-07-16,APLLTD.NS,DIVERSIFIED,850.05,16712.0,73.1,58.965,REGIME_NO_BUY,833.6,-1.94,,,,,2026-07-21T19:21:50,
2026-07-16,AMAGI.NS,IT,598.95,12913.0,66.0,64.45,"CONF_FAIL(got 64.5, need 70) | TQ_FAIL(got 66.0, need 68) | SUSPECT_PUMP_LOW_DELIVERY",590.9,-1.34,,,,,2026-07-21T19:21:34,
2026-07-16,ALGOQUANT.NS,FINANCE,65.14,1838.0,74.3,64.645,"CONF_FAIL(got 64.6, need 70) | RR_FAIL(got 1.39, need 1.7) | SECTOR_RANK_TOO_LOW(rank=14>top6)",65.15,0.02,,,,,2026-07-21T19:21:33,
2026-07-16,AKUMS.NS,DIVERSIFIED,692.1,10892.0,56.1,21.595,REGIME_NO_BUY,695.05,0.43,,,,,2026-07-21T19:22:17,
2026-07-16,AJANTPHARM.NS,DIVERSIFIED,3454.2,43084.0,67.7,58.19,REGIME_NO_BUY,3575.3,3.51,,,,,2026-07-21T19:21:54,
2026-07-16,AIAENG.NS,DIVERSIFIED,4828.5,45082.0,74.1,60.72,REGIME_NO_BUY,4681.5,-3.04,,,,,2026-07-21T19:21:48,
2026-07-16,AETHER.NS,DIVERSIFIED,1477.2,19624.0,53.2,55.88,ROE_TOO_LOW(9.7%<10%),1449.7,-1.86,,,,,2026-07-21T19:22:01,
2026-07-16,AEGISLOG.NS,LOGISTICS,1321.1,46450.0,44.3,21.605,REGIME_NO_BUY,1313.5,-0.58,,,,,2026-07-21T19:22:17,
2026-07-16,ACMESOLAR.NS,POWER_EQ,392.15,27724.0,71.1,60.349999999999994,DE_TOO_HIGH(3.93>1.50),373.1,-4.86,,,,,2026-07-21T19:21:48,
2026-07-16,ABB.NS,CAPITAL_GOODS,7667.5,162513.0,71.9,65.13,"CONF_FAIL(got 65.1, need 70) | RR_FAIL(got 1.43, need 1.7) | SECTOR_RANK_TOO_LOW(rank=8>top6)",7532.0,-1.77,,,,,2026-07-21T19:21:33,
2026-07-16,AARTIDRUGS.NS,PHARMA,421.6,3838.0,73.5,19.9,REGIME_NO_BUY,426.9,1.26,,,,,2026-07-21T19:22:20,
